last_run,game_id,sport,league,game_date,game_time,home_team,away_team,away_run_line,home_run_line,total,away_dk_moneyline_american,home_dk_moneyline_american,away_dk_moneyline_decimal,home_dk_moneyline_decimal,home_pitcher,away_pitcher,home_prob,away_prob,away_projected_runs,home_projected_runs,total_projected_runs,gamePk,home_team_id,away_team_id,venue_id,roof_type,turf_type,home_pitcher_id,away_pitcher_id,home_pitcher_hand,away_pitcher_hand,home_sp_xwoba,away_sp_xwoba,home_sp_k_pct,away_sp_k_pct,home_sp_bb_pct,away_sp_bb_pct,home_sp_barrel_pct,away_sp_barrel_pct,home_sp_whiff_pct,away_sp_whiff_pct,home_sp_sample_flag,away_sp_sample_flag,home_batters_found,away_batters_found,home_sp_found,away_sp_found,home_lineup_xwoba,home_lineup_barrel_pct,home_lineup_hard_hit_pct,home_lineup_k_pct,home_lineup_bb_pct,home_lineup_exit_velo,home_lineup_frv,home_lineup_brv,home_catcher_framing,home_low_sample_count,home_n_left,home_n_right,home_n_switch,away_lineup_xwoba,away_lineup_barrel_pct,away_lineup_hard_hit_pct,away_lineup_k_pct,away_lineup_bb_pct,away_lineup_exit_velo,away_lineup_frv,away_lineup_brv,away_catcher_framing,away_low_sample_count,away_n_left,away_n_right,away_n_switch,park_factor,park_wOBAcon,park_xwOBAcon,park_HR,park_R,park_factor_B,park_wOBAcon_B,park_xwOBAcon_B,park_HR_B,park_R_B,weather_applicable,weather_time,temp_f,wind_mph,wind_dir,precip_in,humidity,will_it_rain,wind_blowing_out,air_pressure_at_sea_level,dew_point_f,symbol_code,sp_data_available,lineup_data_available,away_dk_decimal_moneyline,home_dk_decimal_moneyline,away_fair_decimal_moneyline,home_fair_decimal_moneyline
2026-08-03T19:06:35.149974+00:00,63299289,baseball,mlb,2026_07_17,19:40:00,Milwaukee Brewers,Miami Marlins,1.5,-1.5,8.0,129,-156,2.29,1.64,Unknown,Unknown,0.583,0.417,3.91,4.79,8.7,823766,158,146,32,Retractable,Grass,701656,645261.0,R,R,0.27,0.309,33.3,16.1,6.7,6.5,9.3,6.6,28.7,21.8,ok,ok,0,0,1,1,,,,,,,0.0,0.0,,0,0,0,0,,,,,,,0.0,0.0,,0,0,0,0,96.0,99.0,97.0,106.0,92.0,96.0,99.0,97.0,106.0,92.0,1.0,2026-07-17 19:00,88.9,8.7,SW,0.02,48.2,1.0,0.0,29.87,66.9,rainshowers_day,1,0,2.29,1.641025641025641,2.3980815347721824,1.7152658662092626
2026-08-03T19:06:35.149974+00:00,63300967,baseball,mlb,2026_07_17,20:10:00,Kansas City Royals,San Diego Padres,-1.5,1.5,10.0,-126,104,1.79,2.04,Unknown,Unknown,0.499,0.501,5.03,5.02,10.05,824090,118,135,7,Open,Grass,607625,650633.0,R,R,0.355,0.303,19.8,25.4,8.4,11.3,10.7,9.2,17.4,28.9,ok,ok,0,0,1,1,,,,,,,0.0,0.0,,0,0,0,0,,,,,,,0.0,0.0,,0,0,0,0,100.0,98.0,101.0,83.0,100.0,100.0,98.0,101.0,83.0,100.0,1.0,2026-07-17 20:00,80.4,6.9,SW,0.0,77.8,0.0,0.0,29.96,72.7,fair_day,1,0,1.7936507936507935,2.04,1.996007984031936,2.004008016032064
2026-08-03T19:06:35.149974+00:00,63300983,baseball,mlb,2026_07_17,20:40:00,Colorado Rockies,Cincinnati Reds,-1.5,1.5,12.0,-108,-112,1.92,1.89,Unknown,Unknown,0.471,0.529,5.09,4.79,9.88,824332,115,113,19,Open,Grass,687312,663903.0,,R,,0.38,,15.7,,5.6,,13.0,,22.3,,ok,0,0,0,1,,,,,,,0.0,0.0,,0,0,0,0,,,,,,,0.0,0.0,,0,0,0,0,112.0,112.0,101.0,105.0,125.0,112.0,112.0,101.0,105.0,125.0,1.0,2026-07-17 20:00,88.2,7.8,SSE,0.0,22.3,0.0,0.0,29.81,44.8,partlycloudy_night,0,0,1.925925925925926,1.8928571428571428,1.8903591682419658,2.1231422505307855
2026-08-03T19:06:35.149974+00:00,63301293,baseball,mlb,2026_07_17,21:40:00,Athletics,Washington Nationals,-1.5,1.5,10.5,-136,112,1.73,2.13,Unknown,Unknown,0.498,0.502,5.62,5.59,11.21,824981,133,120,2529,Open,Grass,695611,676917.0,,R,0.311,0.315,20.0,25.4,4.0,7.8,0.0,7.7,28.9,25.2,low,ok,0,0,1,1,,,,,,,0.0,0.0,,0,0,0,0,,,,,,,0.0,0.0,,0,0,0,0,,,,,,,,,,,1.0,2026-07-17 21:00,71.6,11.6,S,0.0,47.1,0.0,,29.88,50.5,clearsky_night,1,0,1.7352941176470589,2.12,1.9920318725099602,2.0080321285140563
2026-08-03T19:06:35.149974+00:00,63301597,baseball,mlb,2026_07_17,19:10:00,Cleveland Guardians,Pittsburgh Pirates,1.5,-1.5,7.5,104,-128,2.05,1.78,Unknown,Unknown,0.524,0.476,3.99,4.24,8.23,824414,114,134,5,Open,Grass,668909,683003.0,R,,0.319,,29.0,,7.9,,12.6,,30.7,,ok,,0,0,1,0,,,,,,,0.0,0.0,,0,0,0,0,,,,,,,0.0,0.0,,0,0,0,0,98.0,99.0,99.0,95.0,96.0,98.0,99.0,99.0,95.0,96.0,1.0,2026-07-17 19:00,83.7,9.6,NE,0.0,53.7,0.0,0.0,29.95,65.1,partlycloudy_day,0,0,2.04,1.78125,2.100840336134454,1.9083969465648853
2026-08-03T19:06:35.149974+00:00,63301771,baseball,mlb,2026_07_17,19:15:00,Toronto Blue Jays,Chicago White Sox,1.5,-1.5,8.5,112,-136,2.13,1.73,Unknown,Unknown,0.545,0.455,4.06,4.53,8.59,822789,141,145,14,Retractable,Artificial Turf,693686,641743.0,R,L,0.275,0.37,24.1,16.5,6.8,9.7,3.3,9.9,22.1,20.6,ok,ok,0,0,1,1,,,,,,,0.0,0.0,,0,0,0,0,,,,,,,0.0,0.0,,0,0,0,0,102.0,101.0,102.0,115.0,104.0,102.0,101.0,102.0,115.0,104.0,1.0,2026-07-17 19:00,77.2,9.6,SSE,0.02,65.9,1.0,0.0,29.96,64.6,rainshowers_day,1,0,2.12,1.7352941176470589,2.1978021978021975,1.8348623853211008
2026-08-03T19:06:35.149974+00:00,63302499,baseball,mlb,2026_07_17,20:05:00,Chicago Cubs,Minnesota Twins,1.5,-1.5,11.0,125,-151,2.25,1.66,Unknown,Unknown,0.6,0.4,4.38,5.42,9.8,824655,112,142,17,Open,Grass,607067,641927.0,R,R,0.353,0.307,19.1,16.9,7.8,6.7,11.9,9.4,22.0,20.6,ok,ok,0,0,1,1,,,,,,,0.0,0.0,,0,0,0,0,,,,,,,0.0,0.0,,0,0,0,0,95.0,95.0,99.0,98.0,90.0,95.0,95.0,99.0,98.0,90.0,1.0,2026-07-17 20:00,77.5,10.3,WSW,0.0,92.4,0.0,0.0,29.93,75.0,partlycloudy_night,1,0,2.25,1.6622516556291391,2.5,1.6666666666666667
2026-08-03T19:06:35.149974+00:00,63302551,baseball,mlb,2026_07_17,22:10:00,Seattle Mariners,San Francisco Giants,1.5,-1.5,7.0,154,-188,2.55,1.53,Unknown,Unknown,0.579,0.421,3.83,4.66,8.49,823115,136,137,680,Retractable,Grass,682243,694738.0,,R,0.234,0.278,22.6,27.4,3.2,8.9,4.3,2.6,26.0,26.2,low,ok,0,0,1,1,,,,,,,0.0,0.0,,0,0,0,0,,,,,,,0.0,0.0,,0,0,0,0,91.0,94.0,100.0,96.0,83.0,91.0,94.0,100.0,96.0,83.0,1.0,2026-07-17 22:00,64.2,6.7,NNW,0.0,73.6,0.0,0.0,30.05,55.8,fair_night,1,0,2.54,1.5319148936170213,2.375296912114014,1.7271157167530227
2026-08-03T19:06:35.149974+00:00,63303013,baseball,mlb,2026_07_17,21:40:00,Arizona Diamondbacks,St Louis Cardinals,-1.5,1.5,9.0,-103,-117,1.97,1.85,Unknown,Unknown,0.531,0.469,4.47,4.79,9.26,825060,109,138,15,Retractable,Artificial Turf,518876,,R,,0.407,,15.0,,9.7,,17.3,,24.1,,ok,,0,0,1,0,,,,,,,0.0,0.0,,0,0,0,0,,,,,,,0.0,0.0,,0,0,0,0,105.0,102.0,103.0,97.0,110.0,105.0,102.0,103.0,97.0,110.0,1.0,2026-07-17 21:00,81.1,5.4,ESE,0.0,81.0,0.0,0.0,29.93,74.8,partlycloudy_night,0,0,1.970873786407767,1.8547008547008548,2.1321961620469083,1.8832391713747645
2026-08-03T19:06:35.149974+00:00,63303347,baseball,mlb,2026_07_17,21:38:00,Los Angeles Angels,Detroit Tigers,-1.5,1.5,8.5,-117,-103,1.85,1.97,Unknown,Unknown,0.474,0.526,4.3,4.03,8.33,824009,108,116,1,Open,Grass,672282,675512.0,L,,0.271,0.297,28.3,20.0,7.2,8.3,6.7,8.6,29.1,23.3,ok,low,0,0,1,1,,,,,,,0.0,0.0,,0,0,0,0,,,,,,,0.0,0.0,,0,0,0,0,100.0,101.0,99.0,108.0,100.0,100.0,101.0,99.0,108.0,100.0,1.0,2026-07-17 21:00,72.9,6.3,SW,0.0,72.5,0.0,1.0,29.96,63.5,clearsky_night,1,0,1.8547008547008548,1.970873786407767,1.9011406844106462,2.109704641350211
2026-08-03T19:06:35.149974+00:00,63303483,baseball,mlb,2026_07_17,19:15:00,Atlanta Braves,Texas Rangers,1.5,-1.5,8.0,177,-222,2.77,1.45,Unknown,Unknown,0.587,0.413,3.79,4.7,8.49,824901,144,140,4705,Open,Grass,519242,615698.0,L,R,0.284,0.337,30.2,16.1,6.4,9.2,6.8,10.9,30.0,21.3,ok,ok,0,0,1,1,,,,,,,0.0,0.0,,0,0,0,0,,,,,,,0.0,0.0,,0,0,0,0,99.0,101.0,101.0,95.0,98.0,99.0,101.0,101.0,95.0,98.0,1.0,2026-07-17 19:00,82.4,6.7,NNW,0.0,72.9,0.0,0.0,30.02,72.9,cloudy,1,0,2.77,1.4504504504504505,2.4213075060532687,1.7035775127768313
2026-08-03T19:06:35.149974+00:00,63303587,baseball,mlb,2026_07_17,20:10:00,Houston Astros,Baltimore Orioles,-1.5,1.5,8.5,100,-120,2.0,1.83,Unknown,Unknown,0.511,0.489,4.42,4.54,8.96,824170,117,110,2392,Retractable,Grass,663567,665152.0,R,R,0.308,0.32,23.8,37.2,10.7,4.7,5.7,16.0,27.2,35.4,ok,low,0,0,1,1,,,,,,,0.0,0.0,,0,0,0,0,,,,,,,0.0,0.0,,0,0,0,0,102.0,104.0,99.0,118.0,104.0,102.0,104.0,99.0,118.0,104.0,1.0,2026-07-17 20:00,84.2,6.3,SSE,0.0,77.5,0.0,0.0,30.05,76.5,partlycloudy_night,1,0,2.0,1.8333333333333335,2.044989775051125,1.9569471624266144
2026-08-03T19:06:35.149974+00:00,63303845,baseball,mlb,2026_07_17,19:05:00,New York Yankees,Los Angeles Dodgers,-1.5,1.5,9.0,-113,-107,1.88,1.93,Unknown,Unknown,0.487,0.513,4.61,4.47,9.08,823524,147,119,3313,Open,Grass,543037,808963.0,,R,0.236,0.348,26.7,21.3,6.7,8.9,0.0,11.7,27.0,28.1,low,ok,0,0,1,1,,,,,,,0.0,0.0,,0,0,0,0,,,,,,,0.0,0.0,,0,0,0,0,102.0,101.0,103.0,117.0,104.0,102.0,101.0,103.0,117.0,104.0,1.0,2026-07-17 19:00,86.2,6.0,WNW,0.0,25.7,0.0,0.0,29.98,46.6,partlycloudy_day,1,0,1.8849557522123894,1.9345794392523366,1.949317738791423,2.053388090349076
2026-08-03T19:06:35.149974+00:00,71409220,baseball,mlb,2026_07_17,13:35:00,Boston Red Sox,Tampa Bay Rays,-1.5,1.5,8.5,100,-121,2.0,1.82,Unknown,Unknown,0.506,0.494,3.96,4.03,7.99,824766,111,139,3,Open,Grass,687562,643377.0,,R,0.365,0.325,9.5,21.1,9.5,11.7,5.9,5.8,17.0,29.5,low,ok,0,0,1,1,,,,,,,0.0,0.0,,0,0,0,0,,,,,,,0.0,0.0,,0,0,0,0,102.0,102.0,99.0,85.0,104.0,102.0,102.0,99.0,85.0,104.0,1.0,2026-07-17 19:00,80.6,9.8,NNW,0.0,23.4,0.0,0.0,29.95,40.1,partlycloudy_day,1,0,2.0,1.8264462809917354,2.0242914979757085,1.976284584980237
