game_id,sport,league,game_date,game_time,home_team,away_team,home_pitcher,away_pitcher,dratings_home_prob,dratings_away_prob,dratings_away_projected_runs,dratings_home_projected_runs,dratings_total_projected_runs,home_prob,away_prob,home_projected_runs,away_projected_runs,total_projected_runs,gamePk,game_date_games,home_team_games,away_team_games,venue_id,day_night,game_id_sdv,sdv_as_of_date,sdv_status,sdv_home_sp_found,sdv_away_sp_found,home_sp_pitch_quality_plus,away_sp_pitch_quality_plus,home_sp_command_plus,away_sp_command_plus,home_sp_xera,away_sp_xera,home_sp_xera_30d,away_sp_xera_30d,home_sp_xwoba,away_sp_xwoba,home_sp_xwoba_30d,away_sp_xwoba_30d,home_sp_avg_velo,away_sp_avg_velo,home_sp_avg_velo_30d,away_sp_avg_velo_30d,home_sp_velo_delta_30d,away_sp_velo_delta_30d,home_sp_pitches,away_sp_pitches,home_sp_games,away_sp_games,home_sp_pitches_30d,away_sp_pitches_30d,home_sp_games_30d,away_sp_games_30d,home_bp_pa_14d,away_bp_pa_14d,home_bp_woba_allowed_14d,away_bp_woba_allowed_14d,home_bp_k_rate_14d,away_bp_k_rate_14d,home_bp_bb_rate_14d,away_bp_bb_rate_14d,home_bp_hard_rate_14d,away_bp_hard_rate_14d,home_bp_pitches_3d,away_bp_pitches_3d,home_bp_pa_7d,away_bp_pa_7d,home_bp_woba_allowed_7d,away_bp_woba_allowed_7d,home_bp_k_rate_7d,away_bp_k_rate_7d,home_bp_bb_rate_7d,away_bp_bb_rate_7d,home_bp_hard_rate_7d,away_bp_hard_rate_7d,model_home_runs,model_away_runs,model_total_runs,run_model_version,run_model_feature_status
341da475ed0042be75b5bc44221f8161,baseball,mlb,2026_05_03,12:45 PM,Minnesota Twins,Toronto Blue Jays,Joe Ryan,Trey Yesavage,0.529,0.471,3.72,4.03,7.75,0.529,0.471,4.03,3.72,7.75,823711,2026-05-03,Minnesota Twins,Toronto Blue Jays,3312,day,341da475ed0042be75b5bc44221f8161,2026-05-02,ok,1,1,-126.1075100200884,-124.20514033124402,-23.37097926741772,-24.925837061876294,3.2488810425806447,-0.17287999999999926,3.0283977655172407,-0.17287999999999926,0.28035792903225804,0.1678,0.2731051896551724,0.1678,88.08296178343949,88.93648648648649,87.74227467811158,88.93648648648649,-0.3406871053279019,0.0,628.0,74.0,7.0,1.0,466.0,74.0,5.0,1.0,184.0,187.0,0.34293478260869564,0.24973262032085564,0.16847826086956522,0.3048128342245989,0.11956521739130435,0.08021390374331551,0.3923076923076923,0.29464285714285715,167.0,138.0,106.0,95.0,0.359433962264151,0.22052631578947363,0.09433962264150944,0.3157894736842105,0.11320754716981132,0.09473684210526316,0.3614457831325301,0.32142857142857145,4.417785022133859,4.816454474884852,9.23423949701871,home:2026-08-26T18:37:34.270011+00:00|away:2026-08-26T18:37:54.950323+00:00,both_starters_sdv_found;missing_features=none
b7ecafff68e95721e956a1a960acdd98,baseball,mlb,2026_05_03,01:35 PM,Pittsburgh Pirates,Cincinnati Reds,Braxton Ashcraft,Chase Burns,0.558,0.442,3.72,4.33,8.05,0.558,0.442,4.33,3.72,8.05,823387,2026-05-03,Pittsburgh Pirates,Cincinnati Reds,31,day,b7ecafff68e95721e956a1a960acdd98,2026-05-02,ok,1,1,-125.75092366253178,-126.25549146017052,-24.634096678931293,-25.026817041166055,2.819357799999998,3.595935633587787,2.4456964714285707,3.9477095221238936,0.2662288749999999,0.29177419847328245,0.2539373839285714,0.30334570796460175,92.3507662835249,94.76765799256506,92.55586206896552,94.67304347826087,0.20509578544061924,-0.09461451430419743,522.0,538.0,6.0,6.0,435.0,460.0,5.0,5.0,200.0,246.0,0.27025000000000005,0.4130081300813008,0.23,0.18699186991869918,0.09,0.15040650406504066,0.41353383458646614,0.41830065359477125,134.0,317.0,128.0,147.0,0.29804687500000004,0.4683673469387756,0.1953125,0.2108843537414966,0.078125,0.14285714285714285,0.4222222222222222,0.48314606741573035,4.263821880621665,3.92765493258071,8.191476813202375,home:2026-08-26T18:37:34.270011+00:00|away:2026-08-26T18:37:54.950323+00:00,both_starters_sdv_found;missing_features=none
1c691cd82a568ab8542e6672e53d0125,baseball,mlb,2026_05_03,01:35 PM,Washington Nationals,Milwaukee Brewers,Zack Littell,Chad Patrick,0.417,0.583,4.51,3.64,8.15,0.417,0.583,3.64,4.51,8.15,822742,2026-05-03,Washington Nationals,Milwaukee Brewers,3309,day,1c691cd82a568ab8542e6672e53d0125,2026-05-02,ok,1,1,-125.19068391574999,-130.1832725324399,-26.156072221752236,-25.42284007444484,6.214430375757575,2.953540444444445,6.583664400000001,2.953540444444445,0.3779088939393939,0.2706427777777778,0.39005475,0.2706427777777778,84.26386861313868,89.36857142857143,84.5056603773585,89.36857142857143,0.24179176421981197,0.0,274.0,35.0,16.0,1.0,212.0,35.0,12.0,1.0,244.0,219.0,0.3049180327868853,0.31004566210045664,0.1680327868852459,0.2602739726027397,0.10245901639344263,0.0776255707762557,0.4228571428571429,0.3448275862068966,217.0,222.0,95.0,104.0,0.2594736842105263,0.26826923076923076,0.15789473684210525,0.2980769230769231,0.07368421052631578,0.08653846153846154,0.3835616438356164,0.25,3.9744236411243064,4.373087728538696,8.347511369663003,home:2026-08-26T18:37:34.270011+00:00|away:2026-08-26T18:37:54.950323+00:00,both_starters_sdv_found;missing_features=none
c07320ad7cda17703d445ae8f3b85376,baseball,mlb,2026_05_03,01:35 PM,Boston Red Sox,Houston Astros,Ranger Suarez,Cody Bolton,0.612,0.388,3.71,4.88,8.59,0.612,0.388,4.88,3.71,8.59,824769,2026-05-03,Boston Red Sox,Houston Astros,3,day,c07320ad7cda17703d445ae8f3b85376,2026-05-02,ok,1,1,-126.94715216997281,-124.62247727395244,-25.63095361403383,-25.637241967237063,3.8096270909090912,4.881711739534883,3.019304571428572,5.922524693333333,0.29880352272727273,0.33406946511627905,0.27280607142857144,0.3683067333333333,86.2688492063492,90.66531791907515,86.20817757009345,89.82032520325203,-0.060671636255747785,-0.8449927158231247,506.0,173.0,6.0,4.0,430.0,123.0,5.0,3.0,211.0,210.0,0.32393364928909957,0.37238095238095237,0.1895734597156398,0.15714285714285714,0.04739336492890995,0.1380952380952381,0.33974358974358976,0.3356164383561644,124.0,217.0,86.0,91.0,0.3337209302325581,0.35000000000000003,0.16279069767441862,0.1978021978021978,0.03488372093023256,0.13186813186813187,0.2923076923076923,0.3770491803278688,3.8726257857029567,4.493920330960447,8.366546116663404,home:2026-08-26T18:37:34.270011+00:00|away:2026-08-26T18:37:54.950323+00:00,both_starters_sdv_found;missing_features=none
092612a571aeb504211ec7f4950924e3,baseball,mlb,2026_05_03,01:35 PM,New York Yankees,Baltimore Orioles,Max Fried,Trey Gibson,0.673,0.327,3.27,5.05,8.32,0.673,0.327,5.05,3.27,8.32,823555,2026-05-03,New York Yankees,Baltimore Orioles,3313,day,092612a571aeb504211ec7f4950924e3,2026-05-02,ok,1,0,-128.52067885649484,,-25.86928825997071,,1.9687713272727292,,1.6493268750000016,,0.23824905681818187,,0.22774101562500004,,87.8,,87.4768267223382,,-0.3231732776617946,,655.0,,7.0,,479.0,,5.0,,137.0,220.0,0.28978102189781024,0.35750000000000004,0.23357664233576642,0.20909090909090908,0.08759124087591241,0.09545454545454546,0.4065934065934066,0.37583892617449666,101.0,275.0,83.0,104.0,0.28373493975903613,0.34951923076923086,0.2289156626506024,0.21153846153846154,0.0963855421686747,0.09615384615384616,0.45454545454545453,0.4084507042253521,6.0923080011974164,3.5949856043116784,9.687293605509094,home:2026-08-26T18:37:34.270011+00:00|away:2026-08-26T18:37:54.950323+00:00,"away_starter_sdv_missing;missing_features=away_sp_pitch_quality_plus,away_sp_command_plus,away_sp_xera,away_sp_xera_30d,away_sp_xwoba,away_sp_xwoba_30d,away_sp_avg_velo,away_sp_avg_velo_30d,away_sp_velo_delta_30d,away_sp_pitches,away_sp_games,away_sp_pitches_30d,away_sp_games_30d"
4c6f75a0f0a2e467d79983253235c3a9,baseball,mlb,2026_05_03,01:40 PM,Miami Marlins,Philadelphia Phillies,Chris Paddack,Jesús Luzardo,0.444,0.556,4.54,3.95,8.49,0.444,0.556,3.95,4.54,8.49,823875,2026-05-03,Miami Marlins,Philadelphia Phillies,4169,day,4c6f75a0f0a2e467d79983253235c3a9,2026-05-02,ok,1,1,-121.9436462501864,-130.11629150671814,-23.904978398501832,-26.52729605543223,4.061720793700788,3.444043233103449,3.9126228785046706,3.58101004,0.3070960787401575,0.2867777379310345,0.3021915420560747,0.291283225,86.974609375,90.98350877192982,87.00623556581985,91.11783439490446,0.03162619081984985,0.134325622974643,512.0,570.0,6.0,6.0,433.0,471.0,5.0,5.0,170.0,245.0,0.30558823529411766,0.3624489795918368,0.2235294117647059,0.20816326530612245,0.12352941176470589,0.10204081632653061,0.43636363636363634,0.3170731707317073,106.0,332.0,87.0,99.0,0.3235632183908046,0.3353535353535354,0.1724137931034483,0.26262626262626265,0.14942528735632185,0.09090909090909091,0.43103448275862066,0.25806451612903225,4.120995673430016,4.745972076998355,8.866967750428373,home:2026-08-26T18:37:34.270011+00:00|away:2026-08-26T18:37:54.950323+00:00,both_starters_sdv_found;missing_features=none
83a816db7e0b75a4f8d0b9a486ad3113,baseball,mlb,2026_05_03,01:40 PM,Tampa Bay Rays,San Francisco Giants,Steven Matz,Tyler Mahle,0.53,0.47,3.73,4.04,7.77,0.53,0.47,4.04,3.73,7.77,822987,2026-05-03,Tampa Bay Rays,San Francisco Giants,12,day,83a816db7e0b75a4f8d0b9a486ad3113,2026-05-02,ok,1,1,-128.52364489481852,-124.89151258824732,-25.08689643874243,-23.9617813330475,5.143707061417325,5.607917074626864,4.689903139622641,5.514248068376071,0.3426877322834646,0.3579577985074626,0.32775997169811316,0.3548765811965813,87.19453125,89.21992409867173,87.09814385150813,89.34451901565996,-0.09638739849187061,0.12459491698822944,512.0,527.0,6.0,6.0,431.0,447.0,5.0,5.0,186.0,147.0,0.3002688172043011,0.2755102040816326,0.21505376344086022,0.16326530612244897,0.08602150537634409,0.12244897959183673,0.3543307086614173,0.3142857142857143,122.0,196.0,94.0,70.0,0.26170212765957446,0.31928571428571423,0.2127659574468085,0.15714285714285714,0.0851063829787234,0.12857142857142856,0.27692307692307694,0.26,3.73634400697752,4.193220670706158,7.929564677683678,home:2026-08-26T18:37:34.270011+00:00|away:2026-08-26T18:37:54.950323+00:00,both_starters_sdv_found;missing_features=none
8ca3a46477683553d785413b73444311,baseball,mlb,2026_05_03,02:15 PM,St Louis Cardinals,Los Angeles Dodgers,Dustin May,Justin Wrobleski,0.367,0.633,5.56,4.17,9.73,0.367,0.633,4.17,5.56,9.73,823065,2026-05-03,St Louis Cardinals,Los Angeles Dodgers,2889,day,8ca3a46477683553d785413b73444311,2026-05-02,ok,1,1,-125.28580382175913,-130.1359695329974,-25.019461976889506,-25.390166898223118,4.387293209302324,4.022210662184877,3.6886444859813086,4.075784360784315,0.3178056976744185,0.3057964033613446,0.29482383177570093,0.3075586960784314,92.37710843373495,89.45967741935483,92.6649885583524,89.40213903743316,0.28788012461745893,-0.05753838192167393,498.0,435.0,6.0,5.0,437.0,375.0,5.0,4.0,206.0,151.0,0.33325242718446607,0.3337748344370861,0.21359223300970873,0.24503311258278146,0.10194174757281553,0.07947019867549669,0.4632352941176471,0.38144329896907214,219.0,88.0,104.0,76.0,0.3288461538461539,0.23026315789473684,0.27884615384615385,0.27631578947368424,0.08653846153846154,0.09210526315789473,0.4307692307692308,0.37777777777777777,4.297427060823348,5.4199780239092235,9.717405084732572,home:2026-08-26T18:37:34.270011+00:00|away:2026-08-26T18:37:54.950323+00:00,both_starters_sdv_found;missing_features=none
b7ad1d7b238b8062d64011d24d284989,baseball,mlb,2026_05_03,02:20 PM,Chicago Cubs,Arizona Diamondbacks,Matthew Boyd,Merrill Kelly,0.596,0.404,5.25,6.26,11.51,0.596,0.404,6.26,5.25,11.51,824687,2026-05-03,Chicago Cubs,Arizona Diamondbacks,17,day,b7ad1d7b238b8062d64011d24d284989,2026-05-02,ok,1,1,-125.67808365478102,-124.2714118681901,-24.951852180307117,-25.726015563716928,4.493734748717949,10.671912555555563,4.194188253658536,10.671912555555563,0.3213070641025641,0.5245365972222225,0.3114535609756097,0.5245365972222225,86.7669642857143,89.05704467353951,86.27714285714286,89.05704467353951,-0.48982142857143174,0.0,336.0,293.0,4.0,3.0,175.0,293.0,2.0,3.0,175.0,214.0,0.28714285714285714,0.34065420560747667,0.2342857142857143,0.19626168224299065,0.09714285714285714,0.10747663551401869,0.41025641025641024,0.4,96.0,195.0,68.0,97.0,0.2580882352941177,0.30979381443298964,0.27941176470588236,0.18556701030927836,0.08823529411764706,0.08247422680412371,0.37209302325581395,0.37681159420289856,6.416850037438496,4.932080407929137,11.348930445367632,home:2026-08-26T18:37:34.270011+00:00|away:2026-08-26T18:37:54.950323+00:00,both_starters_sdv_found;missing_features=none
9e48c32033c5db8cdc98fcd3ecdc2aa2,baseball,mlb,2026_05_03,03:10 PM,Colorado Rockies,Atlanta Braves,Kyle Freeland,Spencer Strider,0.416,0.584,5.61,4.73,10.34,0.416,0.584,4.73,5.61,10.34,824364,2026-05-03,Colorado Rockies,Atlanta Braves,19,day,9e48c32033c5db8cdc98fcd3ecdc2aa2,2026-05-02,ok,1,0,-132.31781779588832,,-25.27371245077775,,4.448963851162787,,3.512502809302328,,0.3198343372093022,,0.28902969767441866,,87.22188449848025,,86.8575,,-0.36438449848024845,,329.0,,4.0,,160.0,,2.0,,257.0,197.0,0.38229571984435795,0.2875634517766497,0.245136186770428,0.25380710659898476,0.08949416342412451,0.1218274111675127,0.4166666666666667,0.36666666666666664,251.0,171.0,121.0,77.0,0.36652892561983474,0.2876623376623376,0.2231404958677686,0.2597402597402597,0.09917355371900827,0.09090909090909091,0.37037037037037035,0.3673469387755102,5.216645219981696,5.5683732766455245,10.78501849662722,home:2026-08-26T18:37:34.270011+00:00|away:2026-08-26T18:37:54.950323+00:00,"away_starter_sdv_missing;missing_features=away_sp_pitch_quality_plus,away_sp_command_plus,away_sp_xera,away_sp_xera_30d,away_sp_xwoba,away_sp_xwoba_30d,away_sp_avg_velo,away_sp_avg_velo_30d,away_sp_velo_delta_30d,away_sp_pitches,away_sp_games,away_sp_pitches_30d,away_sp_games_30d"
ba204fb233ca7bb67ee89a3dd893e188,baseball,mlb,2026_05_03,04:05 PM,Athletics,Cleveland Guardians,Aaron Civale,Parker Messick,0.457,0.543,4.76,4.31,9.07,0.457,0.543,4.31,4.76,9.07,825013,2026-05-03,Athletics,Cleveland Guardians,2529,day,ba204fb233ca7bb67ee89a3dd893e188,2026-05-02,ok,1,1,-124.20281106596046,-125.1318948834087,-23.682129521394508,-25.875173341694744,4.9109826215384595,2.6636780207407416,5.09693706181818,2.5595663721739124,0.335032323076923,0.26110782962962964,0.3411492454545454,0.25768310434782604,86.01809523809524,88.82246777163904,86.06278538812785,88.91263383297644,0.04469015003260779,0.09016606133739913,529.0,543.0,6.0,6.0,442.0,467.0,5.0,5.0,202.0,168.0,0.3235148514851486,0.2648809523809524,0.19801980198019803,0.20238095238095238,0.10891089108910891,0.08928571428571429,0.417910447761194,0.3333333333333333,295.0,152.0,126.0,81.0,0.3738095238095238,0.2580246913580247,0.18253968253968253,0.18518518518518517,0.15079365079365079,0.09876543209876543,0.4050632911392405,0.3684210526315789,3.9203990955817463,4.8693560926424935,8.78975518822424,home:2026-08-26T18:37:34.270011+00:00|away:2026-08-26T18:37:54.950323+00:00,both_starters_sdv_found;missing_features=none
257b715ef1fa8b967fb27a46de2d3021,baseball,mlb,2026_05_03,04:07 PM,Los Angeles Angels,New York Mets,Jack Kochanowicz,Clay Holmes,0.417,0.583,4.66,3.78,8.44,0.417,0.583,3.78,4.66,8.44,824043,2026-05-03,Los Angeles Angels,New York Mets,1,day,257b715ef1fa8b967fb27a46de2d3021,2026-05-02,ok,1,1,-127.94290269649376,-124.72852554513678,-24.71345233147256,-24.073549568061864,4.965238075524476,4.287301385915492,4.856463841322316,4.0496000403361325,0.33681704195804196,0.3145164929577464,0.3332389421487604,0.3066973697478991,92.82472727272727,89.29642184557439,92.95482456140351,89.26780045351474,0.1300972886762395,-0.028621392059648088,551.0,531.0,6.0,6.0,456.0,441.0,5.0,5.0,207.0,230.0,0.37632850241545895,0.3010869565217391,0.2028985507246377,0.28695652173913044,0.12077294685990338,0.09130434782608696,0.37404580152671757,0.31386861313868614,112.0,179.0,112.0,125.0,0.39687500000000003,0.2692,0.19642857142857142,0.288,0.125,0.088,0.4057971014492754,0.27631578947368424,4.367350784897663,4.517674243688683,8.885025028586346,home:2026-08-26T18:37:34.270011+00:00|away:2026-08-26T18:37:54.950323+00:00,both_starters_sdv_found;missing_features=none
e05ec850dc5af5d56ee55a4acb831ae9,baseball,mlb,2026_05_03,04:10 PM,Seattle Mariners,Kansas City Royals,Luis Castillo,Kris Bubic,0.507,0.493,3.74,3.82,7.56,0.507,0.493,3.82,3.74,7.56,823145,2026-05-03,Seattle Mariners,Kansas City Royals,680,day,e05ec850dc5af5d56ee55a4acb831ae9,2026-05-02,ok,1,1,-122.71904514238481,-126.03177841930395,-23.868376173770766,-26.0928586477289,5.91092548571429,4.761811623529411,7.034058585714288,4.7488525333333325,0.36792518045112793,0.33012538235294114,0.40487034821428575,0.329699096491228,91.25267857142858,88.32346368715083,91.21182795698925,88.27056277056278,-0.040850614439321475,-0.05290091658805807,560.0,537.0,6.0,6.0,465.0,462.0,5.0,5.0,187.0,176.0,0.3042780748663102,0.2832386363636364,0.23529411764705882,0.22727272727272727,0.0855614973262032,0.125,0.4180327868852459,0.38596491228070173,86.0,143.0,82.0,86.0,0.24573170731707317,0.238953488372093,0.25609756097560976,0.23255813953488372,0.10975609756097561,0.11627906976744186,0.3269230769230769,0.32142857142857145,4.022233000490803,4.066228073000118,8.08846107349092,home:2026-08-26T18:37:34.270011+00:00|away:2026-08-26T18:37:54.950323+00:00,both_starters_sdv_found;missing_features=none
60f28cce3cfa86c53a2a227c6532203a,baseball,mlb,2026_05_03,04:10 PM,San Diego Padres,Chicago White Sox,Griffin Canning,Anthony Kay,0.635,0.365,3.49,4.90,8.39,0.635,0.365,4.90,3.49,8.39,823307,2026-05-03,San Diego Padres,Chicago White Sox,2680,day,60f28cce3cfa86c53a2a227c6532203a,2026-05-02,ok,0,1,,-127.112484834283,,-26.321864255557763,,7.661960000000004,,7.851391128712873,,0.4255250000000001,,0.4317562871287129,,90.63550863723609,,90.56783216783217,,-0.06767646940392069,,521.0,,6.0,,429.0,,5.0,176.0,224.0,0.3460227272727273,0.3185267857142858,0.17613636363636365,0.23214285714285715,0.09659090909090909,0.12053571428571429,0.30158730158730157,0.3971631205673759,111.0,94.0,102.0,102.0,0.37696078431372554,0.2696078431372549,0.1568627450980392,0.22549019607843138,0.11764705882352941,0.058823529411764705,0.3150684931506849,0.3472222222222222,4.615184457979703,4.052222080156987,8.66740653813669,home:2026-08-26T18:37:34.270011+00:00|away:2026-08-26T18:37:54.950323+00:00,"home_starter_sdv_missing;missing_features=home_sp_pitch_quality_plus,home_sp_command_plus,home_sp_xera,home_sp_xera_30d,home_sp_xwoba,home_sp_xwoba_30d,home_sp_avg_velo,home_sp_avg_velo_30d,home_sp_velo_delta_30d,home_sp_pitches,home_sp_games,home_sp_pitches_30d,home_sp_games_30d"
b713b3ae079ed7d21c2a9f7edb043f6b,baseball,mlb,2026_05_03,07:20 PM,Detroit Tigers,Texas Rangers,Tyler Holton,Jack Leiter,0.56,0.44,3.85,4.48,8.33,0.56,0.44,4.48,3.85,8.33,824285,2026-05-03,Detroit Tigers,Texas Rangers,2394,night,b713b3ae079ed7d21c2a9f7edb043f6b,2026-05-02,ok,1,1,-130.017509869278,-124.30576593627937,-25.356210912563412,-24.8014674071801,6.37467548852459,5.668861982608697,6.788853071698112,6.356146400000002,0.38318011475409836,0.35996256521739134,0.3968043773584905,0.38257060526315795,86.37078189300411,92.00652173913043,86.04272300469484,92.29717391304347,-0.3280588883092719,0.2906521739130312,243.0,552.0,13.0,6.0,213.0,460.0,11.0,5.0,221.0,169.0,0.37760180995475123,0.25029585798816567,0.23076923076923078,0.1893491124260355,0.09502262443438914,0.07100591715976332,0.4154929577464789,0.39669421487603307,153.0,192.0,87.0,90.0,0.29482758620689653,0.2572222222222222,0.25287356321839083,0.15555555555555556,0.06896551724137931,0.08888888888888889,0.40350877192982454,0.373134328358209,5.0195790511826335,4.029256606141879,9.048835657324513,home:2026-08-26T18:37:34.270011+00:00|away:2026-08-26T18:37:54.950323+00:00,both_starters_sdv_found;missing_features=none
