"last_name, first_name",player_id,year,player_age,ab,pa,hit,single,double,triple,home_run,strikeout,walk,k_percent,bb_percent,batting_avg,slg_percent,on_base_percent,on_base_plus_slg,xba,xslg,woba,xwoba,xobp,xiso,avg_swing_speed,fast_swing_rate,blasts_contact,blasts_swing,squared_up_contact,squared_up_swing,avg_swing_length,swords,attack_angle,attack_direction,ideal_angle_rate,vertical_swing_path,exit_velocity_avg,launch_angle_avg,sweet_spot_percent,barrel_batted_rate,hard_hit_percent,avg_best_speed,avg_hyper_speed,whiff_percent,swing_percent,name,team,type
"Neto, Zach",687263,2025,24,305,328,85,51,18,1,15,87,16,26.5,4.9,0.279,0.492,0.326,0.818,0.282,0.536,0.351,0.368,0.331,0.254,71.4,14.4,18.9,14.1,38.9,28.9,7.0,13,15.9,-5.0,53.7,37.4,91.4,15.7,40.6,14.6,47.9,101.945308611,95.530332222,27.4,47.8,"Neto, Zach",Angels,batter
"Goldschmidt, Paul",502671,2025,37,334,367,96,65,22,1,8,61,28,16.6,7.6,0.287,0.431,0.345,0.776,0.281,0.475,0.335,0.347,0.34,0.194,72.9,25.3,16.1,13.3,33.3,27.6,7.6,5,10.0,1.9,52.1,31.6,90.3,14.6,36.1,8.0,42.7,100.733490368,94.693270735,18.9,48.2,"Goldschmidt, Paul",Yankees,batter
"Kurtz, Nick",701762,2025,22,206,235,53,26,9,1,17,78,25,33.2,10.6,0.257,0.558,0.333,0.891,0.242,0.529,0.376,0.359,0.321,0.288,77.5,77.1,23.1,15.8,28.3,19.3,7.7,11,13.1,-0.2,45.0,38.7,92.4,15.3,38.2,16.8,50.4,103.844952879,96.80713313,34.4,43.8,"Kurtz, Nick",Athletics,batter
"Carter, Evan",694497,2025,22,134,151,36,24,7,1,4,28,14,18.5,9.3,0.269,0.425,0.351,0.776,0.248,0.376,0.34,0.313,0.332,0.129,70.1,7.9,15.6,11.2,40.3,29.0,7.2,4,8.9,-9.1,46.5,32.5,86.9,14.3,31.1,6.6,34.9,98.135818491,93.071919623,28.5,43.8,"Carter, Evan",Rangers,batter
"Pasquantino, Vinnie",686469,2025,27,371,404,101,71,14,1,15,68,27,16.8,6.7,0.272,0.437,0.329,0.766,0.269,0.456,0.332,0.337,0.328,0.187,72.9,30.1,18.1,14.9,35.8,29.5,7.4,8,9.7,-9.1,54.5,29.5,90.9,16.1,31.3,8.6,44.7,101.437371722,95.030132119,19.0,48.8,"Pasquantino, Vinnie",Royals,batter
"Davis, Henry",680779,2025,25,131,146,26,17,5,0,4,34,10,23.3,6.8,0.198,0.328,0.259,0.587,0.245,0.421,0.26,0.316,0.304,0.176,74.0,40.0,12.1,9.1,26.8,20.0,7.3,5,7.6,-5.2,53.6,26.6,87.2,23.6,35.4,9.1,33.3,99.395734082,93.807389184,26.7,55.4,"Davis, Henry",Pirates,batter
"Carroll, Corbin",682998,2025,24,322,361,79,33,15,10,21,93,31,25.8,8.6,0.245,0.55,0.324,0.874,0.27,0.56,0.37,0.383,0.346,0.29,74.7,46.0,19.6,14.7,30.1,22.6,7.3,12,10.7,-3.1,71.2,25.3,93.0,16.7,32.6,15.2,50.9,104.224905789,96.752334825,26.3,49.0,"Carroll, Corbin",Diamondbacks,batter
"Isbel, Kyle",664728,2025,28,229,250,56,39,10,4,3,49,9,19.6,3.6,0.245,0.362,0.27,0.632,0.227,0.305,0.273,0.247,0.255,0.078,70.4,10.3,12.5,10.0,31.9,25.6,7.1,3,2.9,-5.6,37.4,23.9,87.5,11.4,27.1,1.6,34.4,99.386796552,93.735699885,19.5,47.5,"Isbel, Kyle",Royals,batter
"Adams, Riley",656180,2025,29,105,111,16,8,4,0,4,47,5,42.3,4.5,0.152,0.305,0.198,0.503,0.183,0.346,0.221,0.25,0.227,0.164,77.9,76.3,16.0,10.3,21.6,13.9,7.8,8,9.1,-0.5,42.3,34.4,91.8,7.5,22.4,10.3,48.3,102.779778276,95.864741228,38.2,49.7,"Adams, Riley",Nationals,batter
"Aranda, Jonathan",666018,2025,27,315,358,102,71,20,0,11,85,33,23.7,9.2,0.324,0.492,0.399,0.891,0.305,0.54,0.387,0.399,0.386,0.235,70.5,14.7,16.8,12.9,32.5,24.9,7.3,8,10.2,3.6,57.8,35.7,93.1,14.9,41.4,12.1,55.7,102.757823913,96.344685764,24.7,48.5,"Aranda, Jonathan",Rays,batter
"Dubon, Mauricio",643289,2025,30,200,214,51,31,14,0,6,19,11,8.9,5.1,0.255,0.415,0.292,0.707,0.242,0.337,0.307,0.272,0.281,0.094,68.8,3.9,8.6,7.3,32.9,27.9,7.5,7,4.6,1.5,40.0,30.6,84.6,11.9,30.4,1.6,28.8,96.188981573,92.108756404,17.1,57.3,"Dubon, Mauricio",Astros,batter
"Winn, Masyn",691026,2025,23,325,358,83,57,19,0,7,64,27,17.9,7.5,0.255,0.378,0.317,0.695,0.255,0.375,0.307,0.305,0.316,0.121,71.3,18.2,13.0,10.7,31.9,26.1,7.5,5,6.2,-5.1,44.8,29.4,88.3,17.1,32.6,5.7,36.4,99.379670308,93.760730192,18.8,43.9,"Winn, Masyn",Cardinals,batter
"Smith, Cam",701358,2025,22,292,323,81,56,16,2,7,89,27,27.6,8.4,0.277,0.418,0.347,0.765,0.276,0.432,0.337,0.34,0.345,0.156,74.5,48.3,16.6,12.2,26.3,19.3,7.3,9,6.6,-0.7,40.4,37.6,89.0,7.4,35.0,7.4,44.3,101.636868137,94.957075714,28.0,49.7,"Smith, Cam",Astros,batter
"Yelich, Christian",592885,2025,33,343,386,89,59,11,0,19,101,37,26.2,9.6,0.259,0.458,0.339,0.797,0.254,0.446,0.345,0.337,0.335,0.192,73.3,34.2,18.4,13.2,31.6,22.6,7.5,16,9.2,7.3,45.2,35.9,90.2,1.6,30.5,8.6,46.5,102.37141843,95.39734438,30.3,45.3,"Yelich, Christian",Brewers,batter
"Beck, Jordan",687597,2025,24,311,337,82,50,18,4,10,94,22,27.9,6.5,0.264,0.444,0.318,0.762,0.252,0.44,0.33,0.325,0.308,0.188,73.7,38.4,15.7,11.1,28.3,19.9,7.7,6,9.9,-3.6,53.8,31.9,88.5,14.7,37.2,11.5,41.3,100.835465741,94.600614791,30.7,48.0,"Beck, Jordan",Rockies,batter
"Ortiz, Joey",687401,2025,26,291,319,61,46,9,0,6,52,20,16.3,6.3,0.21,0.302,0.268,0.57,0.243,0.332,0.256,0.281,0.299,0.089,72.8,27.1,13.3,11.1,27.8,23.3,7.6,5,2.3,-1.9,35.1,27.7,86.0,13.6,27.9,3.7,34.0,98.195100424,93.120885021,16.6,46.2,"Ortiz, Joey",Brewers,batter
"Young, Jacob",696285,2025,25,198,226,47,39,7,1,0,32,18,14.2,8.0,0.237,0.283,0.307,0.59,0.261,0.322,0.27,0.294,0.329,0.062,68.6,2.4,11.1,9.4,40.2,34.3,7.0,6,4.7,3.6,45.8,30.5,87.0,2.3,22.4,1.7,29.9,97.745196623,92.959124935,16.2,44.6,"Young, Jacob",Nationals,batter
"Edman, Tommy",669242,2025,30,265,291,59,35,13,1,10,48,17,16.5,5.8,0.223,0.392,0.278,0.67,0.282,0.437,0.292,0.338,0.337,0.155,69.6,9.0,14.7,12.2,35.3,29.3,6.8,5,9.5,-0.3,58.5,26.5,87.7,11.0,35.7,5.0,38.5,99.179667523,93.749110459,18.8,47.7,"Edman, Tommy",Dodgers,batter
"Wagner, Will",695238,2025,26,86,100,19,14,5,0,0,22,11,22.0,11.0,0.221,0.279,0.323,0.602,0.253,0.329,0.28,0.311,0.351,0.076,68.7,4.2,8.2,6.3,25.9,19.8,6.4,1,5.2,-0.9,37.5,31.6,86.5,10.3,35.4,3.1,38.5,97.965840625,93.084315873,22.6,50.3,"Wagner, Will",Blue Jays,batter
"Maldonado, Martin",455117,2025,38,129,141,23,16,3,0,4,52,7,36.9,5.0,0.178,0.295,0.221,0.516,0.199,0.378,0.228,0.267,0.24,0.179,71.1,15.8,15.2,8.9,38.4,22.6,7.5,8,14.8,-6.9,50.5,31.8,85.5,14.2,31.7,11.0,28.0,97.898636053,93.0194436,40.1,46.0,"Maldonado, Martin",Padres,batter
"Nootbaar, Lars",663457,2025,27,331,386,75,48,15,0,12,83,48,21.5,12.4,0.227,0.381,0.332,0.713,0.238,0.409,0.316,0.33,0.342,0.17,74.1,44.3,19.6,15.7,33.8,27.1,6.9,12,10.2,-4.5,57.2,28.3,91.8,18.0,34.0,10.4,51.6,102.20207632,95.688298715,20.4,38.3,"Nootbaar, Lars",Cardinals,batter
"Schneider, Davis",676914,2025,26,78,93,17,10,2,0,5,29,13,31.2,14.0,0.218,0.436,0.344,0.78,0.159,0.384,0.345,0.302,0.295,0.225,71.3,11.5,8.6,6.5,23.8,18.0,7.1,3,19.8,-5.8,47.5,33.3,87.4,22.3,32.7,16.3,36.7,98.7439828,93.574916939,25.6,38.8,"Schneider, Davis",Blue Jays,batter
"Stowers, Kyle",669065,2025,27,304,346,89,54,13,3,19,97,34,28.0,9.8,0.293,0.543,0.368,0.911,0.284,0.567,0.389,0.394,0.362,0.283,75.1,52.8,18.2,12.6,28.9,20.0,6.8,22,11.4,0.2,50.6,33.7,91.7,14.0,38.9,19.4,53.6,103.840115143,96.612065407,33.3,54.7,"Stowers, Kyle",Marlins,batter
"Ramirez, Jose",608070,2025,32,346,391,102,66,17,1,18,44,35,11.3,9.0,0.295,0.506,0.363,0.869,0.292,0.465,0.364,0.35,0.363,0.173,71.1,18.0,14.3,12.2,36.5,31.3,7.2,12,9.3,-9.3,62.5,29.9,89.5,20.6,36.5,7.8,39.7,99.667381104,94.083615212,16.1,47.1,"Ramirez, Jose",Guardians,batter
"Suarez, Eugenio",553993,2025,33,348,391,87,38,18,0,31,105,25,26.9,6.4,0.25,0.569,0.32,0.889,0.235,0.508,0.375,0.348,0.309,0.273,72.4,25.1,16.1,11.5,33.6,24.1,7.8,38,18.7,-5.4,43.1,38.4,90.9,23.2,32.3,13.7,50.0,101.635116129,95.304895403,31.0,50.7,"Suarez, Eugenio",Diamondbacks,batter
"Arraez, Luis",650333,2025,28,365,393,102,76,17,4,5,11,18,2.8,4.6,0.279,0.389,0.314,0.703,0.274,0.346,0.307,0.287,0.309,0.072,62.6,0.3,2.3,2.2,46.8,44.8,5.9,6,5.8,4.4,41.2,37.1,85.6,13.0,36.5,0.8,15.7,93.018952216,90.519720455,4.9,50.6,"Arraez, Luis",Padres,batter
"Paredes, Isaac",670623,2025,26,346,403,89,55,14,1,19,67,48,16.6,11.9,0.257,0.468,0.357,0.825,0.244,0.399,0.36,0.332,0.348,0.154,68.9,10.0,9.3,7.9,31.4,26.6,8.0,7,15.5,-15.0,54.3,32.4,87.2,22.4,37.4,6.0,33.1,97.920858429,93.055867491,15.5,40.6,"Paredes, Isaac",Astros,batter
"Hoerner, Nico",663538,2025,28,350,378,99,75,18,3,3,28,21,7.4,5.6,0.283,0.377,0.331,0.708,0.278,0.367,0.313,0.305,0.326,0.089,68.5,3.6,8.4,7.6,40.0,36.4,7.2,8,5.7,-2.0,48.0,33.7,86.7,13.9,33.3,2.5,27.5,96.137503851,92.120069379,10.7,49.0,"Hoerner, Nico",Cubs,batter
"Rogers, Jake",668670,2025,30,66,79,11,7,2,1,1,20,11,25.3,13.9,0.167,0.273,0.282,0.555,0.189,0.311,0.256,0.283,0.307,0.122,70.4,4.9,9.6,7.3,34.0,26.0,7.4,5,15.1,-1.0,63.4,31.0,88.9,18.9,39.6,10.4,37.5,97.956233333,93.361545319,27.3,41.5,"Rogers, Jake",Tigers,batter
"Rogers, Jake",668670,2025,30,66,79,11,7,2,1,1,20,11,25.3,13.9,0.167,0.273,0.282,0.555,0.189,0.311,0.256,0.283,0.307,0.122,70.4,4.9,9.6,7.3,34.0,26.0,7.4,5,15.1,-1.0,63.4,31.0,88.9,18.9,39.6,10.4,37.5,97.956233333,93.361545319,27.3,41.5,"Rogers, Jake",Tigers,pitcher
"Torkelson, Spencer",679529,2025,25,325,383,76,35,20,0,21,92,44,24.0,11.5,0.234,0.489,0.337,0.826,0.239,0.515,0.351,0.363,0.343,0.276,73.1,25.2,15.2,11.5,31.8,24.0,7.7,10,13.1,-7.7,48.7,38.8,90.4,21.4,40.8,15.1,44.1,100.616932773,94.67701084,26.2,45.1,"Torkelson, Spencer",Tigers,batter
"Bailey, Patrick",672275,2025,26,222,250,45,30,11,2,2,78,20,31.2,8.0,0.203,0.297,0.267,0.564,0.199,0.335,0.252,0.266,0.266,0.135,71.9,18.5,12.8,9.1,29.0,20.6,7.4,7,9.3,-3.5,47.5,33.1,88.7,15.0,33.8,6.6,37.1,99.27015137,93.715618973,31.0,50.0,"Bailey, Patrick",Giants,batter
"Quero, Edgar",700337,2025,22,186,210,50,39,10,0,1,38,20,18.1,9.5,0.269,0.339,0.348,0.687,0.243,0.326,0.31,0.295,0.327,0.083,67.1,1.8,12.9,10.7,41.0,33.8,6.6,3,5.3,11.3,47.2,32.0,90.8,5.8,34.2,0.7,46.3,99.957976267,94.529442416,17.7,45.7,"Quero, Edgar",White Sox,batter
"Sweeney, Trey",700242,2025,25,223,249,48,37,5,1,5,64,22,25.7,8.8,0.215,0.314,0.281,0.595,0.211,0.317,0.266,0.266,0.279,0.106,73.7,30.7,13.4,10.0,26.9,20.0,7.5,10,7.8,-3.5,55.6,25.5,88.2,10.7,30.7,6.1,35.0,98.752854938,93.485828075,27.2,51.6,"Sweeney, Trey",Tigers,batter
"Wallner, Matt",670242,2025,27,176,201,36,15,9,2,10,61,21,30.3,10.4,0.205,0.449,0.299,0.748,0.226,0.447,0.324,0.333,0.318,0.222,76.6,67.2,19.6,12.0,28.5,17.4,7.4,11,12.1,-6.0,58.7,27.9,91.9,20.3,29.3,13.8,48.3,103.370498103,96.284726696,40.1,50.6,"Wallner, Matt",Twins,batter
"Judge, Aaron",592450,2025,33,352,429,125,64,24,2,35,109,69,25.4,16.1,0.355,0.733,0.462,1.195,0.314,0.737,0.484,0.467,0.429,0.423,76.9,71.0,24.1,16.1,33.5,22.4,8.1,22,14.7,-6.1,53.1,38.5,95.3,18.3,37.7,26.3,56.7,106.691177419,98.485602146,35.1,45.8,"Judge, Aaron",Yankees,batter
"Gelof, Zack",680869,2025,25,25,28,2,2,0,0,0,13,2,46.4,7.1,0.08,0.08,0.143,0.223,0.117,0.24,0.113,0.183,0.176,0.123,71.0,16.0,7.7,4.0,30.8,16.0,7.2,2,20.5,0.7,46.0,34.2,89.3,14.8,38.5,7.7,53.8,99.615614286,94.586036154,46.6,50.9,"Gelof, Zack",Athletics,batter
"Shaw, Matt",807713,2025,23,207,232,41,28,11,0,2,45,21,19.4,9.1,0.198,0.28,0.276,0.556,0.245,0.35,0.253,0.301,0.32,0.105,69.3,11.7,8.1,6.6,26.3,21.3,6.8,10,9.3,3.9,59.3,26.9,83.3,10.7,34.1,4.3,26.8,95.666669136,91.906799259,21.6,47.7,"Shaw, Matt",Cubs,batter
"Meidroth, Chase",805367,2025,23,259,296,63,54,7,0,2,41,32,13.9,10.8,0.243,0.293,0.332,0.625,0.252,0.331,0.288,0.305,0.341,0.079,67.8,1.3,13.1,11.7,44.3,39.7,6.6,8,5.6,3.2,47.3,28.6,88.2,8.1,27.7,0.9,36.8,97.682100459,92.991117604,13.5,35.8,"Meidroth, Chase",White Sox,batter
"Urias, Ramon",602104,2025,31,228,256,55,40,9,0,6,53,18,20.7,7.0,0.241,0.36,0.293,0.653,0.238,0.372,0.285,0.295,0.296,0.134,70.4,9.3,12.4,9.5,34.7,26.7,7.6,10,13.4,2.4,72.6,27.5,88.9,12.3,31.7,6.6,38.5,98.999783626,93.763774641,25.0,47.5,"Urias, Ramon",Orioles,batter
"Stanton, Giancarlo",519317,2025,35,69,78,17,11,2,0,4,25,8,32.1,10.3,0.246,0.449,0.333,0.782,0.203,0.375,0.343,0.296,0.295,0.173,81.1,100.0,26.0,16.1,27.3,16.9,8.8,0,9.9,-6.1,62.1,27.3,93.1,19.3,27.3,13.6,54.5,105.149448182,97.608122955,38.6,42.8,"Stanton, Giancarlo",Yankees,batter
"Diaz, Yainer",673237,2025,26,321,339,79,54,11,1,13,61,14,18.0,4.1,0.246,0.408,0.28,0.688,0.275,0.48,0.297,0.339,0.31,0.206,71.7,17.7,17.9,14.0,36.9,28.9,7.4,22,10.8,0.2,60.4,27.8,91.0,11.6,37.0,9.2,43.9,101.29445458,95.027016437,24.4,59.0,"Diaz, Yainer",Astros,batter
"Gorman, Nolan",669357,2025,25,196,226,43,25,8,1,9,68,27,30.1,11.9,0.219,0.408,0.31,0.718,0.233,0.471,0.312,0.345,0.326,0.238,72.4,24.1,15.4,10.7,29.5,20.5,7.5,11,15.8,-1.5,50.7,34.9,89.0,22.7,41.2,11.5,43.5,101.0674575,94.834719844,32.9,47.5,"Gorman, Nolan",Cardinals,batter
"Sanchez, Jesus",660821,2025,27,266,293,69,47,11,4,7,62,24,21.2,8.2,0.259,0.41,0.321,0.731,0.27,0.486,0.319,0.35,0.331,0.216,75.7,57.9,18.0,13.4,30.9,23.0,6.9,8,7.4,-2.2,51.7,27.0,92.0,11.0,29.6,11.7,44.7,103.007193301,95.845672767,25.7,50.0,"Sanchez, Jesus",Marlins,batter
"Jeffers, Ryan",680777,2025,28,251,288,62,38,17,0,7,51,32,17.7,11.1,0.247,0.398,0.344,0.742,0.264,0.465,0.329,0.358,0.359,0.2,72.1,26.2,15.3,12.6,35.5,29.2,7.2,11,9.5,-2.2,55.4,28.6,89.5,16.0,34.5,8.5,44.0,100.8958813,94.661496181,20.3,39.5,"Jeffers, Ryan",Twins,batter
"Trout, Mike",545361,2025,33,244,299,58,36,4,1,17,80,48,26.8,16.1,0.238,0.471,0.365,0.836,0.279,0.561,0.355,0.404,0.403,0.282,74.1,40.7,18.7,13.9,31.8,23.7,7.5,11,7.6,-0.4,42.5,36.3,92.0,16.6,45.8,16.1,53.0,103.575018452,96.540505629,27.1,38.8,"Trout, Mike",Angels,batter
"Harper, Bryce",547180,2025,32,253,302,66,38,18,0,10,60,43,19.9,14.2,0.261,0.451,0.374,0.825,0.283,0.511,0.36,0.39,0.394,0.228,74.4,46.7,19.0,13.0,30.2,20.6,7.4,9,11.9,-3.1,48.6,35.3,91.5,13.5,42.6,11.8,49.7,102.563162577,95.750841658,33.5,52.0,"Harper, Bryce",Phillies,batter
"Bader, Harrison",664056,2025,31,236,266,60,39,10,0,11,65,22,24.4,8.3,0.254,0.436,0.331,0.767,0.23,0.401,0.336,0.311,0.31,0.171,73.0,30.0,15.4,11.6,29.0,21.9,7.1,11,11.2,-4.9,50.0,25.1,86.4,11.4,30.1,12.1,39.3,100.387654651,94.234725146,26.9,45.4,"Bader, Harrison",Twins,batter
"Narvaez, Carlos",665966,2025,26,253,285,69,43,18,0,8,67,30,23.5,10.5,0.273,0.439,0.347,0.786,0.23,0.389,0.344,0.308,0.31,0.16,72.2,20.1,15.7,11.5,35.5,26.0,7.6,13,9.3,1.8,53.1,29.5,91.1,13.5,28.2,10.1,42.6,101.595774468,95.343959947,28.8,49.8,"Narvaez, Carlos",Red Sox,batter
"Pages, Pedro",686780,2025,26,226,246,47,31,10,0,6,63,14,25.6,5.7,0.208,0.332,0.255,0.587,0.201,0.319,0.258,0.251,0.25,0.118,72.5,26.5,13.4,10.2,27.2,20.6,7.1,9,6.9,-2.2,40.2,30.5,88.7,14.4,29.2,6.5,37.5,99.573815185,93.901197901,25.3,49.6,"Pages, Pedro",Cardinals,batter
"Burleson, Alec",676475,2025,26,290,316,85,57,17,0,11,42,22,13.3,7.0,0.293,0.466,0.34,0.806,0.288,0.476,0.347,0.354,0.339,0.188,72.4,28.4,18.1,15.6,38.7,33.3,7.5,7,10.3,-0.8,58.8,30.8,91.1,17.4,33.5,9.2,43.4,101.356673333,95.121512724,16.1,50.5,"Burleson, Alec",Cardinals,batter
"Altuve, Jose",514888,2025,35,357,396,99,67,14,1,17,62,33,15.7,8.3,0.277,0.465,0.336,0.801,0.249,0.4,0.343,0.309,0.313,0.151,69.1,8.8,9.7,7.9,32.8,26.8,7.5,8,15.0,-5.1,55.9,28.5,84.9,16.3,28.3,6.0,31.0,97.043559048,92.537377201,20.0,49.3,"Altuve, Jose",Astros,batter
"Olson, Matt",621566,2025,31,359,420,94,54,23,0,17,99,56,23.6,13.3,0.262,0.468,0.362,0.83,0.268,0.536,0.36,0.386,0.369,0.268,73.6,40.3,18.0,13.7,29.0,22.0,7.4,10,8.6,1.3,50.7,33.9,93.8,14.7,38.4,16.7,54.8,104.224958182,97.052059392,24.7,44.7,"Olson, Matt",Braves,batter
"Bell, Josh",605137,2025,32,288,326,63,42,9,1,11,57,34,17.5,10.4,0.219,0.372,0.307,0.679,0.253,0.442,0.301,0.341,0.339,0.189,72.5,29.8,18.1,13.7,35.7,27.0,8.0,6,10.0,-2.8,56.7,33.6,89.8,9.3,30.2,10.3,44.4,102.246609123,95.39619193,25.5,46.6,"Bell, Josh",Nationals,batter
"Suzuki, Seiya",673548,2025,30,369,407,97,45,24,3,25,109,33,26.8,8.1,0.263,0.547,0.319,0.866,0.271,0.537,0.365,0.365,0.329,0.266,73.5,37.7,20.7,16.2,35.4,27.7,7.2,16,8.5,-2.9,51.5,30.8,92.5,18.6,43.4,18.5,50.9,103.629322556,96.343105962,24.8,42.3,"Suzuki, Seiya",Cubs,batter
"Rocchio, Brayan",677587,2025,24,126,142,24,15,8,0,1,28,7,19.7,4.9,0.19,0.278,0.252,0.53,0.235,0.335,0.238,0.282,0.297,0.101,70.3,7.5,10.7,7.9,33.9,25.0,7.3,3,11.1,-3.9,53.5,30.1,86.9,9.7,34.0,2.9,30.1,97.219700816,92.677734227,25.3,53.1,"Rocchio, Brayan",Guardians,batter
"Wagaman, Eric",676572,2025,27,323,348,78,52,20,1,5,68,21,19.5,6.0,0.241,0.356,0.284,0.64,0.268,0.419,0.281,0.316,0.31,0.151,72.6,27.7,18.9,14.8,37.8,29.7,7.1,20,6.4,-2.2,46.1,27.9,90.9,10.2,34.0,5.8,45.9,101.891907308,95.316798687,24.5,44.8,"Wagaman, Eric",Marlins,batter
"Gonzales, Nick",693304,2025,26,132,144,35,24,5,2,4,22,11,15.3,7.6,0.265,0.424,0.319,0.743,0.289,0.451,0.323,0.344,0.342,0.162,70.8,16.7,13.9,11.0,37.2,29.4,7.5,10,8.4,1.9,55.3,33.3,88.4,8.9,36.9,7.2,41.4,99.453289643,94.05121,23.8,55.3,"Gonzales, Nick",Pirates,batter
"Clement, Ernie",676391,2025,29,313,342,90,67,19,0,4,35,20,10.2,5.8,0.288,0.387,0.328,0.715,0.265,0.352,0.313,0.293,0.311,0.087,67.1,2.0,8.6,7.7,43.1,38.5,7.0,21,11.8,-2.6,59.8,32.0,86.8,16.7,35.0,1.7,25.5,96.018081277,92.062554235,14.4,53.3,"Clement, Ernie",Blue Jays,batter
"Vientos, Mark",668901,2025,25,233,254,52,34,10,2,6,62,17,24.4,6.7,0.223,0.361,0.28,0.641,0.241,0.374,0.281,0.293,0.296,0.133,70.7,10.9,14.4,10.2,36.9,26.2,7.5,15,14.1,3.0,64.4,32.3,90.9,10.5,33.5,7.5,48.0,101.229582644,95.249845665,31.0,50.7,"Vientos, Mark",Mets,batter
"Freeman, Freddie",518692,2025,35,317,356,94,58,25,1,10,80,33,22.5,9.3,0.297,0.476,0.365,0.841,0.278,0.471,0.36,0.353,0.351,0.193,69.5,6.8,15.2,11.3,35.9,26.6,6.9,7,11.0,1.4,48.2,42.9,91.0,14.4,38.3,9.2,45.8,100.714303167,94.971913333,28.2,52.2,"Freeman, Freddie",Dodgers,batter
"Adames, Willy",642715,2025,29,354,408,78,50,14,2,12,107,45,26.2,11.0,0.22,0.373,0.307,0.68,0.226,0.433,0.3,0.325,0.315,0.207,71.8,19.3,12.6,9.3,30.4,22.6,8.1,8,18.2,-3.8,51.0,34.8,89.4,20.8,31.2,12.6,44.7,100.171205714,94.385661753,28.4,46.1,"Adames, Willy",Giants,batter
"Adell, Jo",666176,2025,26,292,326,71,39,13,0,19,77,23,23.6,7.1,0.243,0.483,0.317,0.8,0.29,0.584,0.346,0.399,0.359,0.294,77.5,71.8,19.4,14.6,26.6,20.0,7.7,16,7.4,-5.4,49.6,32.7,91.3,14.1,36.1,16.7,50.0,104.063265463,96.435184326,29.1,52.3,"Adell, Jo",Angels,batter
"Bogaerts, Xander",593428,2025,32,331,379,88,64,19,0,5,62,41,16.4,10.8,0.266,0.369,0.344,0.713,0.281,0.405,0.314,0.337,0.362,0.124,72.3,24.5,15.4,12.7,36.3,29.7,7.3,8,9.7,-6.7,51.0,30.9,89.6,10.6,37.8,5.1,38.9,100.220814559,94.256848893,19.7,40.4,"Bogaerts, Xander",Padres,batter
"Caratini, Victor",605170,2025,31,215,237,55,36,9,0,10,41,11,17.3,4.6,0.256,0.437,0.304,0.741,0.255,0.433,0.319,0.326,0.31,0.178,71.8,20.5,16.8,13.8,37.9,31.1,7.0,4,10.8,-3.4,60.9,34.5,88.8,16.0,33.0,9.5,40.2,99.813581333,94.16392352,19.8,49.0,"Caratini, Victor",Astros,batter
"Walls, Taylor",670764,2025,28,227,258,49,38,7,1,3,53,24,20.5,9.3,0.216,0.295,0.284,0.579,0.218,0.309,0.26,0.269,0.289,0.092,68.4,2.0,6.6,5.3,34.7,27.5,7.0,3,9.8,4.4,55.2,34.1,86.9,15.7,33.1,2.8,26.7,95.992430575,92.051789942,19.2,45.4,"Walls, Taylor",Rays,batter
"House, Brady",691781,2025,22,93,98,24,17,5,0,2,23,4,23.5,4.1,0.258,0.376,0.286,0.662,0.291,0.414,0.288,0.316,0.317,0.123,72.1,19.0,16.9,12.1,33.9,24.1,7.5,3,8.1,4.2,48.3,35.5,89.7,9.9,35.2,4.2,42.3,101.079811143,94.63263,32.0,60.4,"House, Brady",Nationals,batter
"Donovan, Brendan",680977,2025,28,344,388,102,72,22,0,8,52,34,13.4,8.8,0.297,0.43,0.367,0.797,0.299,0.471,0.348,0.365,0.371,0.172,69.0,4.0,17.1,14.9,42.6,37.2,6.8,7,8.2,1.6,48.6,30.4,89.6,11.3,40.5,9.1,39.5,99.788526599,94.244025306,13.3,43.7,"Donovan, Brendan",Cardinals,batter
"Abreu, Wilyer",677800,2025,26,270,301,69,40,11,0,18,71,29,23.6,9.6,0.256,0.496,0.326,0.822,0.26,0.517,0.349,0.358,0.331,0.257,74.1,39.3,17.9,14.6,27.9,22.7,7.1,11,9.0,-0.6,56.6,31.0,91.2,23.7,30.8,12.4,46.3,102.689142277,95.749389751,22.9,52.3,"Abreu, Wilyer",Red Sox,batter
"Stallings, Jacob",607732,2025,35,105,115,15,11,4,0,0,37,6,32.2,5.2,0.143,0.181,0.211,0.392,0.167,0.229,0.185,0.212,0.233,0.061,67.2,0.0,3.4,2.4,31.5,22.2,7.2,13,12.0,3.4,50.9,31.9,85.3,14.2,34.8,1.4,27.5,94.932331471,91.466720441,34.4,55.9,"Stallings, Jacob",Orioles,batter
"Stallings, Jacob",607732,2025,35,105,115,15,11,4,0,0,37,6,32.2,5.2,0.143,0.181,0.211,0.392,0.167,0.229,0.185,0.212,0.233,0.061,67.2,0.0,3.4,2.4,31.5,22.2,7.2,13,12.0,3.4,50.9,31.9,85.3,14.2,34.8,1.4,27.5,94.932331471,91.466720441,34.4,55.9,"Stallings, Jacob",Orioles,pitcher
"Stallings, Jacob",607732,2025,35,105,115,15,11,4,0,0,37,6,32.2,5.2,0.143,0.181,0.211,0.392,0.167,0.229,0.185,0.212,0.233,0.061,67.2,0.0,3.4,2.4,31.5,22.2,7.2,13,12.0,3.4,50.9,31.9,85.3,14.2,34.8,1.4,27.5,94.932331471,91.466720441,34.4,55.9,"Stallings, Jacob",Rockies,batter
"Sheets, Gavin",657757,2025,29,317,349,84,54,15,1,14,68,27,19.5,7.7,0.265,0.451,0.324,0.775,0.288,0.501,0.335,0.364,0.347,0.213,74.6,50.3,19.4,15.5,34.2,27.4,7.7,15,8.7,-7.3,55.1,27.7,91.4,14.8,42.1,10.3,50.8,101.48778392,95.42754332,23.1,44.6,"Sheets, Gavin",Padres,batter
"Torres, Gleyber",650402,2025,28,299,359,84,59,16,0,9,46,51,12.8,14.2,0.281,0.425,0.387,0.812,0.297,0.509,0.36,0.394,0.402,0.213,70.2,11.9,15.7,12.8,37.9,30.9,7.2,11,9.5,3.3,56.6,33.7,90.2,15.5,38.4,9.7,39.1,100.007713566,94.341575136,18.9,40.8,"Torres, Gleyber",Tigers,batter
"Slater, Austin",596103,2025,32,101,111,24,13,6,1,4,32,9,28.8,8.1,0.238,0.436,0.3,0.736,0.259,0.503,0.319,0.353,0.321,0.244,69.4,5.0,18.2,14.0,30.5,23.5,6.7,7,9.2,5.7,53.5,37.5,91.9,8.0,40.0,15.7,48.6,102.603651212,95.983614242,25.7,49.9,"Slater, Austin",White Sox,batter
"Herrera, Jose",645444,2025,28,127,159,25,18,6,0,1,36,19,22.6,11.9,0.197,0.268,0.302,0.57,0.172,0.226,0.265,0.245,0.285,0.054,66.7,1.0,4.2,3.4,33.3,27.2,7.2,3,6.9,-4.7,46.6,33.1,83.1,17.8,30.1,1.0,21.4,93.388648298,90.914996344,18.4,36.8,"Herrera, Jose",Diamondbacks,batter
"Herrera, Jose",645444,2025,28,127,159,25,18,6,0,1,36,19,22.6,11.9,0.197,0.268,0.302,0.57,0.172,0.226,0.265,0.245,0.285,0.054,66.7,1.0,4.2,3.4,33.3,27.2,7.2,3,6.9,-4.7,46.6,33.1,83.1,17.8,30.1,1.0,21.4,93.388648298,90.914996344,18.4,36.8,"Herrera, Jose",Diamondbacks,pitcher
"Rojas, Josh",668942,2025,31,159,177,28,20,7,0,1,45,15,25.4,8.5,0.176,0.239,0.244,0.483,0.213,0.297,0.221,0.26,0.28,0.085,67.2,1.2,6.6,5.1,38.3,29.3,7.2,7,10.2,1.7,56.3,32.5,88.9,13.8,34.2,2.6,35.0,97.744459298,93.17724885,26.1,45.2,"Rojas, Josh",White Sox,batter
"Walker, Christian",572233,2025,34,345,377,79,54,12,1,12,103,23,27.3,6.1,0.229,0.374,0.286,0.66,0.239,0.421,0.29,0.312,0.297,0.183,74.0,40.1,15.9,11.8,28.4,21.0,7.4,31,8.4,-3.6,52.8,29.1,90.4,16.9,34.7,11.4,45.3,102.225884146,95.394282122,29.0,51.2,"Walker, Christian",Astros,batter
"Perez, Wenceel",672761,2025,25,130,142,34,18,7,2,7,30,9,21.1,6.3,0.262,0.508,0.317,0.825,0.263,0.475,0.352,0.34,0.318,0.212,71.1,11.5,16.4,11.9,38.8,28.2,7.0,2,9.2,-5.3,54.0,30.1,90.1,21.4,38.6,12.9,37.6,99.224943137,93.982492277,26.8,50.8,"Perez, Wenceel",Tigers,batter
"Turang, Brice",668930,2025,25,347,392,95,75,14,0,6,83,39,21.2,9.9,0.274,0.366,0.345,0.711,0.268,0.398,0.316,0.328,0.343,0.13,70.0,13.8,12.3,9.9,35.3,28.4,6.8,16,6.0,9.0,43.0,30.2,90.5,7.6,36.1,5.9,45.0,99.679721374,94.295555802,21.0,46.5,"Turang, Brice",Brewers,batter
"Larnach, Trevor",663616,2025,28,330,367,81,52,15,1,13,82,30,22.3,8.2,0.245,0.415,0.311,0.726,0.255,0.416,0.316,0.32,0.321,0.161,72.1,23.0,17.9,12.7,37.6,26.6,7.3,16,8.4,-10.6,40.3,34.9,90.8,11.3,34.3,8.0,43.8,101.390318016,95.132383068,31.2,45.4,"Larnach, Trevor",Twins,batter
"Caballero, Jose",676609,2025,28,210,243,46,31,12,1,2,73,26,30.0,10.7,0.219,0.314,0.313,0.627,0.216,0.308,0.285,0.282,0.311,0.092,69.0,8.8,8.1,5.9,28.2,20.6,6.8,12,11.0,-1.3,50.7,32.2,85.1,18.4,41.1,4.3,26.2,96.924240606,92.493612045,28.3,44.8,"Caballero, Jose",Rays,batter
"Caballero, Jose",676609,2025,28,210,243,46,31,12,1,2,73,26,30.0,10.7,0.219,0.314,0.313,0.627,0.216,0.308,0.285,0.282,0.311,0.092,69.0,8.8,8.1,5.9,28.2,20.6,6.8,12,11.0,-1.3,50.7,32.2,85.1,18.4,41.1,4.3,26.2,96.924240606,92.493612045,28.3,44.8,"Caballero, Jose",Rays,pitcher
"Kwan, Steven",680757,2025,27,361,404,103,76,20,1,6,34,33,8.4,8.2,0.285,0.396,0.345,0.741,0.278,0.374,0.325,0.316,0.342,0.096,63.5,1.1,4.0,3.7,41.5,38.1,6.4,6,3.2,-3.0,35.9,35.7,86.1,13.5,38.6,2.1,20.7,94.642394049,91.321707577,9.3,41.3,"Kwan, Steven",Guardians,batter
"Higashioka, Kyle",543309,2025,35,166,180,40,28,8,0,4,33,11,18.3,6.1,0.241,0.361,0.294,0.655,0.227,0.363,0.29,0.282,0.282,0.136,71.0,8.4,14.0,11.7,41.9,35.2,7.2,8,13.4,-7.2,56.8,32.2,90.7,17.5,35.1,6.0,40.3,98.87555,93.853349621,19.3,43.5,"Higashioka, Kyle",Rangers,batter
"Naylor, Josh",647304,2025,28,327,369,96,66,18,1,11,46,35,12.5,9.5,0.294,0.456,0.361,0.817,0.293,0.457,0.352,0.356,0.366,0.165,71.0,18.4,17.4,14.1,38.6,31.3,7.5,16,6.7,-8.0,44.5,31.0,89.1,11.0,32.3,6.7,41.4,100.447554507,94.436042359,21.0,53.5,"Naylor, Josh",Diamondbacks,batter
"Jones, Nolan",666134,2025,27,227,261,52,37,10,2,3,68,28,26.1,10.7,0.229,0.33,0.319,0.649,0.256,0.425,0.292,0.338,0.345,0.169,72.6,31.4,14.3,10.7,32.7,24.4,6.9,10,8.8,0.1,46.7,35.6,91.5,13.3,40.1,8.0,46.9,101.539748375,95.394317044,25.2,44.5,"Jones, Nolan",Guardians,batter
"Chourio, Jackson",694192,2025,21,401,424,106,62,25,3,16,87,18,20.5,4.2,0.264,0.461,0.297,0.758,0.258,0.422,0.325,0.309,0.293,0.164,73.9,41.4,17.4,13.3,33.4,25.6,7.6,17,7.0,0.9,57.2,25.9,87.9,11.8,34.7,7.6,38.5,100.247744777,94.317263962,25.9,54.0,"Chourio, Jackson",Brewers,batter
"Nimmo, Brandon",607043,2025,32,348,383,90,55,17,0,18,73,29,19.1,7.6,0.259,0.463,0.321,0.784,0.268,0.462,0.339,0.342,0.33,0.194,71.8,21.6,18.5,14.9,35.6,28.7,7.2,13,6.7,1.8,49.0,29.1,92.0,12.5,29.6,9.7,50.9,102.023003525,95.797349061,21.0,48.1,"Nimmo, Brandon",Mets,batter
"Stott, Bryson",681082,2025,27,312,348,73,56,9,2,6,59,31,17.0,8.9,0.234,0.333,0.303,0.636,0.242,0.379,0.285,0.303,0.311,0.137,69.1,4.8,9.3,8.0,32.6,28.0,7.2,9,7.1,3.2,49.8,33.3,87.1,14.7,36.2,5.1,28.8,97.12025378,92.612334466,16.5,39.7,"Stott, Bryson",Phillies,batter
"Ramos, Heliot",671218,2025,25,366,413,96,64,17,1,14,98,32,23.7,7.7,0.262,0.429,0.337,0.766,0.248,0.442,0.334,0.333,0.326,0.194,73.7,42.5,15.5,12.0,29.7,23.1,6.8,18,6.1,2.5,47.6,31.8,91.4,10.8,32.0,10.7,45.2,102.159068593,95.435095874,24.2,48.6,"Ramos, Heliot",Giants,batter
"Schneemann, Daniel",682177,2025,28,214,239,46,27,10,0,9,60,23,25.1,9.6,0.215,0.388,0.294,0.682,0.236,0.447,0.299,0.328,0.314,0.21,71.5,14.6,15.8,11.4,34.6,24.9,7.1,14,14.1,3.2,49.2,34.4,87.9,7.4,33.5,12.9,38.7,99.931638684,94.128251776,29.7,46.5,"Schneemann, Daniel",Guardians,batter
"Ward, Taylor",621493,2025,31,361,407,81,37,21,2,21,108,38,26.5,9.3,0.224,0.468,0.297,0.765,0.236,0.462,0.327,0.33,0.309,0.226,69.5,6.7,14.2,10.9,38.4,29.5,7.1,14,10.2,-3.6,57.4,32.0,90.5,19.2,34.0,13.1,41.3,100.627079846,94.745533552,24.0,38.8,"Ward, Taylor",Angels,batter
"Flores, Wilmer",527038,2025,33,311,347,76,57,8,0,11,61,29,17.6,8.4,0.244,0.376,0.32,0.696,0.223,0.327,0.31,0.283,0.302,0.104,65.7,0.9,5.7,4.7,33.1,27.0,6.9,12,10.8,-5.8,50.9,32.0,84.8,18.0,34.7,4.0,24.3,95.351210397,91.693507968,19.1,45.6,"Flores, Wilmer",Giants,batter
"Allen, Nick",669397,2025,26,248,283,59,51,8,0,0,63,24,22.3,8.5,0.238,0.27,0.309,0.579,0.233,0.276,0.266,0.266,0.306,0.043,64.4,0.0,4.5,3.7,35.9,29.1,6.3,14,6.8,0.3,47.8,30.1,84.6,11.6,32.6,0.0,21.2,94.597198387,91.312078763,20.3,47.3,"Allen, Nick",Braves,batter
"Yastrzemski, Mike",573262,2025,34,291,337,71,48,14,1,8,78,43,23.1,12.8,0.244,0.381,0.342,0.723,0.235,0.381,0.319,0.314,0.335,0.147,70.9,9.0,13.5,10.8,34.5,27.7,7.5,9,10.8,-2.2,67.5,29.9,90.8,17.9,34.0,7.9,42.8,99.878851942,94.417521845,21.4,42.1,"Yastrzemski, Mike",Giants,batter
"Contreras, William",661388,2025,27,331,390,81,59,16,0,6,71,56,18.2,14.4,0.245,0.347,0.351,0.698,0.244,0.368,0.313,0.322,0.355,0.124,72.6,30.5,17.6,13.8,35.6,27.9,7.1,18,10.5,5.0,67.6,29.2,89.8,5.1,31.6,4.6,43.0,102.137891985,95.383969427,24.7,45.7,"Contreras, William",Brewers,batter
"Schwarber, Kyle",656941,2025,32,352,426,87,43,13,1,30,112,66,26.3,15.5,0.247,0.545,0.378,0.923,0.273,0.603,0.394,0.42,0.399,0.33,76.9,75.2,25.1,18.1,34.0,24.5,7.5,29,14.3,-5.7,64.9,30.1,94.1,18.7,35.4,17.9,58.3,105.285401167,97.80994625,31.7,39.8,"Schwarber, Kyle",Phillies,batter
"Thomas, Alek",677950,2025,25,257,281,63,44,12,2,5,73,15,26.0,5.3,0.245,0.366,0.295,0.661,0.244,0.377,0.291,0.297,0.296,0.133,71.7,16.6,16.3,12.5,34.0,26.1,7.0,18,9.9,1.2,60.8,27.3,90.5,3.6,26.5,6.9,40.7,100.970412174,94.820938587,25.8,50.7,"Thomas, Alek",Diamondbacks,batter
"Perdomo, Geraldo",672695,2025,25,351,427,93,62,20,1,10,51,58,11.9,13.6,0.265,0.413,0.37,0.783,0.265,0.409,0.346,0.347,0.373,0.145,68.0,4.4,10.7,9.5,38.1,33.9,6.8,15,6.9,-1.7,48.3,35.0,88.1,14.4,36.5,6.1,32.7,97.368228874,92.771620066,12.3,39.1,"Perdomo, Geraldo",Diamondbacks,batter
"Osuna, Alejandro",696030,2025,22,66,80,11,9,1,0,1,17,11,21.3,13.8,0.167,0.227,0.287,0.514,0.28,0.442,0.24,0.366,0.391,0.162,71.8,21.2,15.6,12.7,25.0,20.3,7.2,0,4.7,4.4,46.6,29.0,90.5,12.0,37.3,7.8,45.1,100.7777164,94.722778163,17.7,42.9,"Osuna, Alejandro",Rangers,batter
"Noel, Jhonkensy",678877,2025,23,107,111,15,11,2,0,2,35,3,31.5,2.7,0.14,0.215,0.162,0.377,0.157,0.234,0.166,0.181,0.179,0.078,77.7,71.2,13.2,9.1,20.4,14.2,7.6,6,7.1,-3.6,42.0,29.6,89.0,12.4,17.8,4.1,38.4,102.878819459,95.635262603,34.4,59.5,"Noel, Jhonkensy",Guardians,batter
"Laureano, Ramon",657656,2025,30,211,237,60,33,16,0,11,61,20,25.7,8.4,0.284,0.517,0.35,0.867,0.273,0.494,0.37,0.357,0.342,0.221,72.3,21.3,15.8,11.6,29.8,21.9,7.1,7,16.8,0.3,50.1,36.1,88.2,13.7,38.6,10.5,45.7,101.325377895,94.872931391,27.1,45.1,"Laureano, Ramon",Orioles,batter
"Volpe, Anthony",683011,2025,24,341,384,73,38,22,3,10,91,34,23.7,8.9,0.214,0.384,0.287,0.671,0.233,0.402,0.293,0.31,0.306,0.17,72.3,25.7,16.5,12.4,34.3,25.7,7.2,9,10.0,6.4,63.4,31.1,89.1,11.2,30.9,9.4,42.2,100.389323516,94.588971725,25.8,44.5,"Volpe, Anthony",Yankees,batter
"Cowser, Colton",681297,2025,25,136,147,30,15,7,0,8,45,6,30.6,4.1,0.221,0.449,0.279,0.728,0.226,0.426,0.315,0.308,0.285,0.2,73.5,31.7,17.7,12.2,38.6,26.5,7.3,6,15.6,-2.7,48.7,38.5,91.9,13.0,30.8,11.0,50.0,101.403064222,95.233778764,33.2,44.6,"Cowser, Colton",Orioles,batter
"Jimenez, Leo",677870,2025,24,17,18,2,1,0,0,1,5,0,27.8,0.0,0.118,0.294,0.118,0.412,0.172,0.288,0.173,0.194,0.172,0.116,70.0,6.3,20.0,15.6,28.0,21.9,7.0,1,3.5,5.7,40.6,30.7,89.4,14.6,23.1,7.7,38.5,101.381691667,95.077043333,23.7,46.9,"Jimenez, Leo",Blue Jays,batter
"Garcia, Adolis",666969,2025,32,342,373,80,48,19,0,13,92,20,24.7,5.4,0.234,0.404,0.279,0.683,0.253,0.479,0.295,0.335,0.3,0.226,72.5,26.9,18.6,13.2,36.9,26.2,7.6,10,8.9,-0.6,63.0,28.0,92.8,19.0,33.9,13.6,48.6,102.332219535,95.848827977,31.2,52.3,"Garcia, Adolis",Rangers,batter
"Durbin, Caleb",702332,2025,25,234,272,61,45,12,0,4,25,19,9.2,7.0,0.261,0.363,0.348,0.711,0.249,0.348,0.32,0.309,0.338,0.099,68.2,1.9,7.0,6.3,37.6,33.6,6.9,15,8.5,-5.3,66.9,26.8,84.3,14.0,27.1,3.3,24.8,95.533701346,91.766850673,14.2,44.5,"Durbin, Caleb",Brewers,batter
"Soler, Jorge",624585,2025,33,266,300,56,34,12,0,10,91,26,30.3,8.7,0.211,0.368,0.288,0.656,0.206,0.376,0.29,0.292,0.286,0.17,73.9,40.7,15.5,11.2,28.5,20.6,7.7,8,8.5,-7.9,52.1,33.5,89.4,13.6,32.0,11.8,40.4,101.33219427,94.773547697,30.2,44.7,"Soler, Jorge",Angels,batter
"Hinds, Rece",677956,2025,24,42,43,5,2,1,0,2,20,1,46.5,2.3,0.119,0.286,0.14,0.426,0.192,0.424,0.182,0.269,0.211,0.233,75.7,59.3,18.4,8.6,31.6,14.8,8.0,1,13.4,-16.3,35.8,37.4,92.5,4.0,31.8,18.2,50.0,102.76882,96.340739545,52.2,55.4,"Hinds, Rece",Reds,batter
"Trammell, Taylor",666211,2025,27,32,36,5,2,2,0,1,13,4,36.1,11.1,0.156,0.313,0.25,0.563,0.199,0.347,0.253,0.283,0.288,0.147,75.0,48.1,24.1,13.5,37.9,21.2,7.8,3,11.2,-5.1,38.5,29.2,93.2,10.4,31.6,10.5,47.4,101.281985,95.540852105,45.9,45.5,"Trammell, Taylor",Astros,batter
"Cruz, Oneil",665833,2025,26,307,360,65,36,12,1,16,116,47,32.2,13.1,0.212,0.414,0.319,0.733,0.244,0.489,0.319,0.364,0.352,0.245,78.6,76.4,26.3,17.6,33.2,22.3,7.8,11,9.6,-7.7,50.6,33.6,96.3,8.6,36.6,22.2,57.7,108.1814475,99.331295156,34.1,39.9,"Cruz, Oneil",Pirates,batter
"Stephenson, Tyler",663886,2025,28,190,217,44,27,11,0,6,77,24,35.5,11.1,0.232,0.384,0.313,0.697,0.209,0.38,0.306,0.298,0.297,0.171,70.2,4.6,13.7,10.0,32.5,23.7,7.4,17,13.1,1.3,53.1,37.3,91.2,16.4,39.7,11.2,51.7,100.467836552,95.055314609,30.3,43.9,"Stephenson, Tyler",Reds,batter
"Rafaela, Ceddanne",678882,2025,24,317,341,86,49,21,2,14,66,16,19.4,4.7,0.271,0.483,0.314,0.797,0.269,0.497,0.342,0.346,0.312,0.228,70.9,11.8,17.3,13.0,36.3,27.3,7.5,13,11.9,-0.4,56.5,33.4,90.9,11.7,34.1,12.9,47.5,101.287541032,95.20948127,26.2,60.2,"Rafaela, Ceddanne",Red Sox,batter
"Holliday, Jackson",702616,2025,21,348,373,90,62,14,2,12,92,20,24.7,5.4,0.259,0.414,0.308,0.722,0.263,0.456,0.316,0.331,0.313,0.193,70.7,9.5,18.1,13.5,35.1,26.2,6.9,15,8.3,7.5,53.6,32.1,90.1,8.3,35.2,10.5,45.1,100.906027402,94.741328504,27.7,50.9,"Holliday, Jackson",Orioles,batter
"Waters, Drew",671221,2025,26,206,219,50,40,6,3,1,60,11,27.4,5.0,0.243,0.316,0.288,0.604,0.236,0.323,0.269,0.268,0.281,0.088,71.6,17.8,10.0,7.1,27.5,19.5,6.6,15,8.7,4.8,48.2,41.8,86.0,9.1,35.6,4.1,28.8,97.434472083,92.746290972,30.3,56.5,"Waters, Drew",Royals,batter
"Perez, Salvador",521692,2025,35,357,382,87,50,24,0,13,77,17,20.2,4.5,0.244,0.42,0.287,0.707,0.284,0.529,0.304,0.361,0.325,0.245,73.1,31.0,17.7,13.3,31.5,23.6,7.9,15,12.7,-5.6,57.5,34.1,90.6,19.2,36.3,14.2,45.2,102.375010142,95.42369306,27.2,58.2,"Perez, Salvador",Royals,batter
"Arenado, Nolan",571448,2025,34,317,347,78,54,13,1,10,34,25,9.8,7.2,0.246,0.388,0.305,0.693,0.249,0.378,0.3,0.298,0.309,0.13,71.6,17.5,12.3,10.5,34.6,29.5,8.5,11,10.6,-9.3,56.3,33.0,87.2,19.3,29.1,4.2,34.0,97.520598582,92.798252057,17.6,48.3,"Arenado, Nolan",Cardinals,batter
"Albies, Ozzie",645277,2025,28,364,403,80,60,12,1,7,62,33,15.4,8.2,0.22,0.316,0.29,0.606,0.233,0.343,0.273,0.289,0.304,0.11,68.6,6.2,8.7,7.0,36.1,28.8,7.2,11,12.4,-5.6,58.9,34.7,87.4,20.1,33.9,3.6,29.6,96.741446579,92.427660033,21.9,53.8,"Albies, Ozzie",Braves,batter
"Rojas, Miguel",500743,2025,36,130,139,33,22,6,0,5,18,8,12.9,5.8,0.254,0.415,0.297,0.712,0.248,0.365,0.31,0.288,0.292,0.117,68.2,4.5,8.9,7.5,39.1,33.2,7.2,5,8.2,-4.6,51.3,32.8,86.9,13.5,34.5,4.4,25.7,96.173872,92.087411545,16.1,46.5,"Rojas, Miguel",Dodgers,batter
"Rojas, Miguel",500743,2025,36,130,139,33,22,6,0,5,18,8,12.9,5.8,0.254,0.415,0.297,0.712,0.248,0.365,0.31,0.288,0.292,0.117,68.2,4.5,8.9,7.5,39.1,33.2,7.2,5,8.2,-4.6,51.3,32.8,86.9,13.5,34.5,4.4,25.7,96.173872,92.087411545,16.1,46.5,"Rojas, Miguel",Dodgers,pitcher
"Turner, Trea",607208,2025,32,388,423,112,80,19,2,11,70,29,16.5,6.9,0.289,0.433,0.343,0.776,0.28,0.426,0.338,0.33,0.335,0.147,70.8,15.6,14.6,11.1,35.1,26.8,7.5,14,8.1,-2.9,60.7,27.9,89.3,10.7,35.6,6.9,40.9,99.944439125,94.185367868,25.0,50.3,"Turner, Trea",Phillies,batter
"Busch, Michael",683737,2025,27,300,341,87,50,15,3,19,77,35,22.6,10.3,0.29,0.55,0.375,0.925,0.283,0.587,0.397,0.405,0.37,0.304,69.7,8.3,15.0,11.4,37.3,28.3,7.1,12,17.0,-0.8,49.4,36.7,91.7,16.8,41.3,16.1,47.5,101.442645586,95.319969729,24.4,46.4,"Busch, Michael",Cubs,batter
"Keith, Colt",690993,2025,23,258,295,68,42,16,2,8,60,33,20.3,11.2,0.264,0.434,0.346,0.78,0.28,0.486,0.341,0.37,0.363,0.207,70.7,9.5,16.5,13.2,35.5,28.3,6.8,11,10.6,-0.1,48.4,33.3,90.0,12.0,40.8,10.4,45.8,101.039672475,94.96945592,22.4,44.0,"Keith, Colt",Tigers,batter
"Greene, Riley",682985,2025,24,366,397,104,58,21,1,24,125,27,31.5,6.8,0.284,0.544,0.335,0.879,0.259,0.531,0.374,0.357,0.313,0.272,75.3,54.2,15.4,10.5,26.3,17.9,7.2,3,13.5,2.5,41.7,44.9,90.3,14.7,39.9,18.1,46.9,102.931023197,95.762363292,32.0,51.3,"Greene, Riley",Tigers,batter
"Soto, Juan",665742,2025,26,340,423,89,51,15,0,23,78,77,18.4,18.2,0.262,0.509,0.396,0.905,0.315,0.649,0.386,0.455,0.442,0.334,73.4,38.8,27.6,22.8,39.6,32.7,7.0,24,10.9,4.7,66.7,28.1,94.4,10.1,35.6,18.0,56.6,105.251131894,97.734753068,21.7,34.4,"Soto, Juan",Mets,batter
"Meadows, Parker",678009,2025,25,109,119,21,16,2,1,2,36,10,30.3,8.4,0.193,0.284,0.261,0.545,0.238,0.366,0.246,0.295,0.302,0.128,70.3,7.0,8.6,5.9,30.5,20.9,7.3,3,7.7,-4.1,42.8,29.7,87.3,12.6,37.0,5.5,30.1,97.695315,92.915934366,30.5,45.7,"Meadows, Parker",Tigers,batter
"France, Ty",664034,2025,30,322,353,80,58,16,0,6,57,15,16.1,4.2,0.248,0.354,0.312,0.666,0.265,0.447,0.298,0.338,0.328,0.183,70.7,12.3,15.1,12.2,34.6,27.8,7.4,10,10.2,6.0,47.8,34.8,89.1,10.3,36.1,8.6,40.6,100.255591429,94.415413509,21.4,51.5,"France, Ty",Twins,batter
"Stevens, Chad",677060,2025,26,13,14,2,2,0,0,0,7,0,50.0,0.0,0.154,0.154,0.154,0.308,0.186,0.203,0.136,0.169,0.186,0.017,69.7,8.0,0.0,0.0,16.7,12.0,7.1,0,3.6,1.3,16.0,41.5,82.2,5.0,28.6,0.0,14.3,91.684333333,89.925846667,26.7,54.5,"Stevens, Chad",Angels,batter
"Lopez, Otto",672640,2025,26,296,328,74,54,9,0,11,45,29,13.7,8.8,0.25,0.392,0.32,0.712,0.291,0.481,0.313,0.361,0.359,0.19,71.8,23.3,15.1,12.5,35.7,29.5,6.8,11,7.9,-2.4,49.5,30.4,88.1,9.0,32.9,7.9,36.1,99.27650664,93.69237504,18.9,45.6,"Lopez, Otto",Marlins,batter
"Ramirez, Agustin",682663,2025,23,281,301,68,33,20,1,14,57,19,18.9,6.3,0.242,0.47,0.289,0.759,0.28,0.512,0.324,0.355,0.325,0.231,74.9,52.8,22.8,17.5,33.9,26.0,7.5,10,7.3,-2.6,51.3,25.3,92.2,7.8,31.6,12.0,48.4,104.574452743,96.690375378,24.3,51.0,"Ramirez, Agustin",Marlins,batter
"Jansen, Danny",643376,2025,30,203,233,42,25,8,0,9,60,25,25.8,10.7,0.207,0.379,0.302,0.681,0.211,0.365,0.303,0.301,0.307,0.155,69.0,4.9,11.0,8.9,33.0,26.6,6.8,20,14.8,-4.9,65.1,29.8,87.8,24.3,37.2,8.3,40.0,98.77280125,93.637420625,23.1,43.4,"Jansen, Danny",Rays,batter
"Williamson, Ben",810938,2025,24,243,256,63,50,12,0,1,61,11,23.8,4.3,0.259,0.321,0.294,0.615,0.233,0.311,0.274,0.258,0.269,0.079,69.7,8.0,13.9,10.9,29.8,23.4,6.9,13,2.4,6.0,33.0,32.9,88.5,3.8,23.5,3.3,41.5,99.898351222,94.066973222,22.8,49.0,"Williamson, Ben",Mariners,batter
"Young, Cole",702284,2025,21,118,129,30,23,5,0,2,29,7,22.5,5.4,0.254,0.347,0.305,0.652,0.23,0.358,0.286,0.278,0.283,0.128,71.5,23.0,10.7,8.0,34.7,26.0,6.8,1,8.1,0.9,54.5,28.0,87.8,17.4,37.4,7.7,30.8,97.590529111,92.830227556,25.1,46.9,"Young, Cole",Mariners,batter
"Reynolds, Bryan",668804,2025,30,355,390,80,51,17,2,10,106,30,27.2,7.7,0.225,0.369,0.287,0.656,0.27,0.489,0.287,0.351,0.329,0.219,72.5,24.2,17.6,12.9,33.5,24.5,6.9,22,13.2,1.4,49.1,38.0,91.5,6.7,38.9,11.1,48.4,102.620120873,95.939589681,29.3,49.5,"Reynolds, Bryan",Pirates,batter
"Seager, Corey",608369,2025,31,241,285,64,40,11,0,13,57,38,20.0,13.3,0.266,0.473,0.372,0.845,0.307,0.605,0.364,0.425,0.408,0.297,72.7,23.7,21.8,15.9,34.5,25.2,6.7,16,13.1,2.9,54.3,34.2,93.5,11.5,32.3,16.1,55.4,104.511492043,97.072323602,29.2,50.1,"Seager, Corey",Rangers,batter
"Semien, Marcus",543760,2025,34,352,401,84,60,11,1,12,76,40,19.0,10.0,0.239,0.378,0.317,0.695,0.254,0.42,0.307,0.332,0.335,0.166,68.6,5.4,12.0,9.4,35.8,27.9,7.7,15,16.1,-4.6,55.2,34.5,88.5,19.8,36.9,7.8,37.2,98.619784397,93.418041281,23.3,49.0,"Semien, Marcus",Rangers,batter
"Ozuna, Marcell",542303,2025,34,318,389,76,52,11,0,13,87,64,22.4,16.5,0.239,0.396,0.366,0.762,0.265,0.483,0.339,0.377,0.388,0.218,73.5,38.3,16.3,12.3,34.6,26.2,7.2,2,13.8,-1.1,55.7,36.7,91.3,14.5,34.9,11.1,49.4,102.214267521,95.732673547,24.7,39.6,"Ozuna, Marcell",Braves,batter
"Lile, Daylen",695734,2025,22,111,121,26,18,5,1,2,17,7,14.0,5.8,0.234,0.351,0.283,0.634,0.306,0.449,0.279,0.35,0.352,0.143,69.1,2.2,11.1,9.7,36.4,31.9,7.1,2,9.7,-2.7,51.4,37.6,89.2,14.3,41.1,4.2,38.9,99.154717708,93.668180632,13.1,48.5,"Lile, Daylen",Nationals,batter
"Kepler, Max",596146,2025,32,272,313,57,33,14,0,10,64,36,20.4,11.5,0.21,0.371,0.307,0.678,0.233,0.412,0.301,0.324,0.328,0.179,71.6,19.7,16.8,13.4,34.8,27.8,7.3,18,7.4,-6.3,46.4,31.1,90.8,17.0,31.4,11.4,44.8,100.534185048,94.561443589,22.8,47.3,"Kepler, Max",Phillies,batter
"Wood, James",695578,2025,22,356,420,99,56,19,0,24,116,59,27.6,14.0,0.278,0.534,0.381,0.915,0.279,0.564,0.387,0.396,0.384,0.285,76.1,64.4,24.0,17.4,33.7,24.4,7.6,24,10.2,1.0,39.8,40.3,93.6,6.1,34.2,18.5,55.6,106.57627925,98.17059775,30.2,39.3,"Wood, James",Nationals,batter
"Garcia, Maikel",672580,2025,25,350,386,104,68,25,3,8,52,31,13.5,8.0,0.297,0.454,0.354,0.808,0.287,0.44,0.352,0.341,0.345,0.154,71.9,17.9,21.3,18.5,41.5,36.0,7.3,9,4.7,1.5,45.2,26.8,91.2,9.4,34.1,6.0,44.4,101.431869128,95.004599293,15.6,40.9,"Garcia, Maikel",Royals,batter
"Frelick, Sal",686217,2025,25,344,385,101,80,11,3,7,49,26,12.7,6.8,0.294,0.404,0.354,0.758,0.272,0.353,0.335,0.309,0.336,0.081,68.4,6.4,7.1,6.4,32.6,29.1,7.1,6,8.3,-2.1,53.7,28.0,85.4,11.0,30.7,3.0,28.0,96.156419932,92.094304676,11.8,43.7,"Frelick, Sal",Brewers,batter
"Dominguez, Jasson",691176,2025,22,271,309,72,48,15,1,8,88,33,28.5,10.7,0.266,0.417,0.343,0.76,0.243,0.391,0.333,0.322,0.329,0.148,73.7,33.8,16.9,12.5,27.3,20.1,7.8,6,6.2,-2.7,47.7,31.3,90.6,13.9,32.1,8.0,51.3,102.217401489,95.662708128,27.4,50.0,"Dominguez, Jasson",Yankees,batter
"Caminero, Junior",691406,2025,21,357,384,90,48,19,0,23,78,21,20.3,5.5,0.252,0.499,0.292,0.791,0.258,0.47,0.335,0.333,0.302,0.212,78.0,76.3,19.7,15.6,27.7,22.0,8.3,13,7.3,-4.8,56.5,26.3,91.0,9.9,28.9,10.9,47.2,103.140918662,95.924730915,22.6,50.9,"Caminero, Junior",Rays,batter
"Doyle, Brenton",686668,2025,27,307,331,62,41,12,2,7,86,22,26.0,6.6,0.202,0.322,0.254,0.576,0.242,0.417,0.254,0.306,0.292,0.175,70.7,4.9,15.3,11.4,35.9,26.8,7.3,16,12.0,0.0,67.4,30.5,90.2,11.3,34.5,12.1,45.7,101.254898559,95.063387421,27.9,49.6,"Doyle, Brenton",Rockies,batter
"Betts, Mookie",605141,2025,32,349,391,85,60,13,1,11,42,36,10.7,9.2,0.244,0.381,0.315,0.696,0.261,0.419,0.305,0.326,0.331,0.158,68.8,6.2,13.3,11.6,46.0,40.0,7.0,21,9.9,-6.2,58.1,34.4,88.5,18.7,35.4,5.8,35.4,97.809299872,93.12551119,16.7,42.6,"Betts, Mookie",Dodgers,batter
"Schanuel, Nolan",694384,2025,23,342,396,94,68,17,1,8,47,43,11.9,10.9,0.275,0.401,0.364,0.765,0.274,0.412,0.337,0.34,0.364,0.139,68.0,7.4,10.4,9.0,38.4,33.3,6.7,9,8.5,-1.3,46.8,38.1,87.3,13.7,39.0,5.3,28.3,96.622970135,92.350909424,13.9,44.0,"Schanuel, Nolan",Angels,batter
"Wisely, Brett",689172,2025,26,36,41,8,4,3,0,1,7,3,17.1,7.3,0.222,0.389,0.282,0.671,0.249,0.417,0.294,0.316,0.307,0.168,68.0,1.4,8.6,7.2,25.9,21.7,6.6,0,9.9,-1.4,55.1,32.7,85.9,21.0,32.3,9.7,32.3,96.466896,92.475694138,15.6,52.7,"Wisely, Brett",Giants,batter
"Contreras, Willson",575929,2025,33,336,384,85,51,22,0,12,94,31,24.5,8.1,0.253,0.426,0.339,0.765,0.271,0.508,0.336,0.371,0.356,0.237,76.3,64.1,17.4,12.9,28.3,21.0,7.9,7,9.2,-1.6,49.0,32.8,90.0,11.0,40.0,13.9,46.9,103.044508678,95.901720165,27.2,48.7,"Contreras, Willson",Cardinals,batter
"Lowe, Josh",666139,2025,27,189,211,47,30,11,0,6,43,19,20.4,9.0,0.249,0.402,0.319,0.721,0.29,0.435,0.315,0.349,0.36,0.145,72.1,27.8,10.3,8.0,28.6,22.3,7.3,8,5.9,-0.4,45.0,35.2,89.9,8.9,33.8,6.1,44.5,100.128725833,94.680192587,22.4,52.2,"Lowe, Josh",Rays,batter
"Bichette, Bo",666182,2025,27,393,420,111,73,25,1,12,68,23,16.2,5.5,0.282,0.443,0.324,0.767,0.317,0.522,0.331,0.377,0.358,0.205,69.1,9.4,15.7,12.8,35.1,28.7,7.3,13,5.8,0.0,36.9,37.6,91.1,9.0,37.9,9.8,49.2,102.34381135,95.754994724,19.1,52.8,"Bichette, Bo",Blue Jays,batter
"Mayo, Coby",691723,2025,23,79,85,16,10,5,0,1,22,6,25.9,7.1,0.203,0.304,0.259,0.563,0.225,0.372,0.251,0.287,0.281,0.147,74.7,43.8,15.2,10.2,27.2,18.2,7.3,1,10.1,-15.5,35.0,37.4,88.3,20.7,29.8,8.8,42.9,101.542766429,94.84926,32.9,48.2,"Mayo, Coby",Orioles,batter
"Canzone, Dominic",686527,2025,27,94,97,30,19,5,0,6,17,3,17.5,3.1,0.319,0.564,0.34,0.904,0.3,0.567,0.387,0.376,0.322,0.267,73.3,39.2,17.3,13.9,43.3,34.8,7.3,4,12.5,-3.6,55.1,33.0,91.7,8.6,31.2,15.6,48.1,102.056627895,95.748363816,21.8,51.0,"Canzone, Dominic",Mariners,batter
"Toro, Abraham",647351,2025,28,177,193,48,32,11,0,5,30,11,15.5,5.7,0.271,0.418,0.321,0.739,0.262,0.395,0.321,0.31,0.316,0.134,69.3,4.5,10.9,8.7,33.1,26.3,7.6,5,10.8,-1.7,54.8,31.8,86.4,15.3,34.9,4.7,32.9,97.545807733,92.826554832,21.9,50.0,"Toro, Abraham",Red Sox,batter
"Toro, Abraham",647351,2025,28,177,193,48,32,11,0,5,30,11,15.5,5.7,0.271,0.418,0.321,0.739,0.262,0.395,0.321,0.31,0.316,0.134,69.3,4.5,10.9,8.7,33.1,26.3,7.6,5,10.8,-1.7,54.8,31.8,86.4,15.3,34.9,4.7,32.9,97.545807733,92.826554832,21.9,50.0,"Toro, Abraham",Red Sox,pitcher
"Murphy, Sean",669221,2025,30,199,225,46,22,8,0,16,72,18,32.0,8.0,0.231,0.513,0.311,0.824,0.223,0.481,0.351,0.341,0.31,0.258,72.5,30.0,15.6,11.5,26.5,19.5,7.8,20,11.4,-3.4,49.3,30.3,90.2,12.2,36.4,16.3,45.7,103.233409375,95.863428516,28.8,50.2,"Murphy, Sean",Braves,batter
"Smith, Josh",669701,2025,27,303,341,84,59,16,1,8,57,32,16.7,9.4,0.277,0.416,0.353,0.769,0.271,0.408,0.337,0.331,0.348,0.137,69.2,4.0,10.5,8.6,33.5,27.4,6.8,9,8.3,-2.3,44.4,36.1,87.8,14.2,35.1,5.2,33.5,97.831646721,92.946292746,18.8,48.1,"Smith, Josh",Rangers,batter
"Bauers, Jake",641343,2025,29,124,148,25,15,5,0,5,45,23,30.4,15.5,0.202,0.363,0.324,0.687,0.229,0.458,0.307,0.351,0.349,0.229,76.4,70.3,17.3,13.1,27.2,20.5,7.8,7,12.7,-3.2,53.7,34.1,91.4,17.3,37.5,13.8,46.3,102.24900775,95.675126582,28.1,42.9,"Bauers, Jake",Brewers,batter
"Bauers, Jake",641343,2025,29,124,148,25,15,5,0,5,45,23,30.4,15.5,0.202,0.363,0.324,0.687,0.229,0.458,0.307,0.351,0.349,0.229,76.4,70.3,17.3,13.1,27.2,20.5,7.8,7,12.7,-3.2,53.7,34.1,91.4,17.3,37.5,13.8,46.3,102.24900775,95.675126582,28.1,42.9,"Bauers, Jake",Brewers,pitcher
"Edwards, Xavier",669364,2025,25,320,357,92,76,14,1,1,52,32,14.6,9.0,0.287,0.347,0.352,0.699,0.259,0.325,0.313,0.293,0.328,0.067,66.6,1.8,5.2,4.7,36.8,32.9,6.4,3,2.4,2.2,33.1,31.2,86.8,9.5,34.2,0.7,30.5,96.462301628,92.30055965,10.5,47.6,"Edwards, Xavier",Marlins,batter
"Raleigh, Cal",663728,2025,28,347,417,90,36,16,0,38,105,62,25.2,14.9,0.259,0.634,0.376,1.01,0.242,0.569,0.416,0.385,0.363,0.327,75.1,53.7,17.4,12.7,27.8,20.3,7.9,18,17.8,-8.5,45.4,33.9,91.8,24.8,34.7,20.0,49.0,102.868942683,96.285973878,29.8,50.8,"Raleigh, Cal",Mariners,batter
"Espinal, Santiago",669289,2025,30,256,276,63,51,12,0,0,31,17,11.2,6.2,0.246,0.293,0.296,0.589,0.234,0.297,0.265,0.261,0.285,0.063,68.3,2.1,7.7,6.7,37.2,32.5,7.4,6,6.1,-1.3,49.4,34.6,86.5,13.8,31.3,0.9,26.4,96.043966667,92.04922448,14.0,44.7,"Espinal, Santiago",Reds,batter
"Myers, Dane",667472,2025,29,202,218,57,45,8,0,4,47,13,21.6,6.0,0.282,0.381,0.33,0.711,0.273,0.411,0.315,0.32,0.322,0.139,70.8,16.9,14.7,11.0,42.0,31.3,7.2,6,10.4,3.9,62.1,27.3,91.2,11.6,35.9,6.4,40.4,99.686985769,94.283701871,24.2,47.4,"Myers, Dane",Marlins,batter
"Bohm, Alec",664761,2025,28,349,379,98,76,12,2,8,62,22,16.4,5.8,0.281,0.395,0.327,0.722,0.274,0.414,0.317,0.325,0.326,0.14,71.6,16.8,16.8,14.3,38.0,32.5,7.3,6,5.3,4.8,47.1,29.8,90.3,6.3,34.7,6.5,46.7,100.524246552,94.763164637,15.3,48.0,"Bohm, Alec",Phillies,batter
"Wells, Austin",669224,2025,25,257,289,58,28,15,1,14,69,19,23.9,6.6,0.226,0.455,0.284,0.739,0.224,0.417,0.314,0.304,0.287,0.193,73.6,34.6,18.1,13.5,30.9,23.1,7.6,6,11.1,-5.6,51.3,32.4,91.2,20.9,30.6,10.2,49.5,102.188584286,95.642905128,26.4,51.2,"Wells, Austin",Yankees,batter
"Swanson, Dansby",621020,2025,31,368,400,93,62,13,2,16,105,27,26.3,6.8,0.253,0.429,0.301,0.73,0.272,0.481,0.315,0.346,0.322,0.209,70.8,5.8,17.4,12.7,37.0,27.1,7.4,17,15.2,-1.0,61.1,34.4,90.5,13.4,35.1,11.2,47.8,100.978518271,94.940043835,29.9,49.0,"Swanson, Dansby",Cubs,batter
"Arozarena, Randy",668227,2025,30,350,412,88,49,21,1,17,113,43,27.4,10.4,0.251,0.463,0.357,0.82,0.25,0.46,0.358,0.359,0.357,0.211,72.2,27.7,18.6,13.4,35.5,25.6,7.4,12,9.5,-1.0,64.7,25.5,91.8,13.3,35.0,12.1,52.1,102.586463667,96.062339167,30.4,43.4,"Arozarena, Randy",Mariners,batter
"Collins, Isaac",686555,2025,27,193,228,50,36,8,1,5,54,29,23.7,12.7,0.259,0.389,0.363,0.752,0.238,0.343,0.337,0.314,0.347,0.106,72.8,24.3,11.9,9.1,25.4,19.4,6.7,10,3.7,-1.2,36.0,29.3,87.1,10.8,35.2,5.6,35.9,99.262510725,93.636501449,25.1,44.2,"Collins, Isaac",Brewers,batter
"Senger, Hayden",663584,2025,28,46,49,8,7,1,0,0,14,2,28.6,4.1,0.174,0.196,0.208,0.404,0.228,0.346,0.184,0.265,0.26,0.119,72.7,23.7,20.4,13.2,38.8,25.0,7.5,1,6.3,1.4,48.7,28.3,87.4,6.6,33.3,3.0,36.4,98.565683125,93.489735484,35.6,53.9,"Senger, Hayden",Mets,batter
"Anthony, Roman",701350,2025,21,106,124,28,17,9,0,2,27,15,21.8,12.1,0.264,0.406,0.371,0.777,0.267,0.463,0.347,0.366,0.374,0.196,73.8,41.0,22.4,17.4,39.2,30.4,7.2,8,8.3,3.6,49.1,29.7,93.8,3.2,30.4,11.4,55.7,103.321505897,96.960566154,25.7,37.9,"Anthony, Roman",Red Sox,batter
"Heim, Jonah",641680,2025,30,260,280,57,40,9,0,8,64,15,22.9,5.4,0.219,0.346,0.262,0.608,0.222,0.351,0.266,0.271,0.266,0.13,68.9,4.5,11.3,8.7,37.4,29.0,7.5,13,11.1,0.6,62.8,28.8,89.1,14.4,34.0,6.5,36.0,98.376532323,93.485851616,25.0,51.4,"Heim, Jonah",Rangers,batter
"Happ, Ian",664023,2025,30,347,402,79,52,15,0,12,90,51,22.4,12.7,0.228,0.375,0.326,0.701,0.257,0.427,0.312,0.344,0.353,0.17,72.0,18.8,14.4,11.0,30.9,23.5,7.0,6,10.5,-6.9,48.8,32.3,89.2,16.4,34.6,8.8,40.8,100.346867462,94.322186873,24.3,43.7,"Happ, Ian",Cubs,batter
"Taylor, Tyrone",621438,2025,31,249,273,53,35,13,3,2,61,11,22.3,4.0,0.213,0.313,0.267,0.58,0.259,0.372,0.256,0.299,0.31,0.113,70.5,10.9,12.8,10.0,31.3,24.4,7.6,3,8.0,-8.7,53.6,32.0,86.7,20.2,41.1,4.2,35.4,98.289878947,93.184072737,23.2,48.8,"Taylor, Tyrone",Mets,batter
"Butler, Lawrence",671732,2025,24,367,408,92,53,24,2,13,112,41,27.5,10.0,0.251,0.433,0.326,0.759,0.237,0.399,0.332,0.313,0.313,0.163,73.7,39.1,18.2,12.6,32.5,22.6,7.0,17,6.4,1.9,43.9,30.4,91.0,6.9,33.7,9.0,45.1,102.180380709,95.603899291,32.2,46.6,"Butler, Lawrence",Athletics,batter
"Pages, Andy",681624,2025,24,351,378,100,67,15,1,17,78,18,20.6,4.8,0.285,0.479,0.325,0.804,0.276,0.457,0.346,0.335,0.32,0.181,72.8,22.7,13.4,10.8,29.5,23.7,7.9,24,8.0,-3.8,49.1,41.0,89.0,16.0,38.3,7.9,39.0,99.743900507,93.95261163,22.4,55.5,"Pages, Andy",Dodgers,batter
"Freeman, Tyler",671289,2025,26,161,188,52,39,11,1,1,17,18,9.0,9.6,0.323,0.422,0.404,0.826,0.309,0.408,0.366,0.362,0.397,0.099,72.3,23.2,14.0,12.8,33.6,30.6,7.0,5,2.5,0.9,31.6,35.8,90.3,8.4,35.4,2.7,42.9,100.245367945,94.546288,10.3,46.3,"Freeman, Tyler",Rockies,batter
"Henderson, Gunnar",683002,2025,24,336,371,94,60,20,3,11,89,33,24.0,8.9,0.28,0.455,0.348,0.803,0.284,0.43,0.347,0.339,0.352,0.146,75.4,54.4,22.5,17.3,33.9,26.1,7.3,12,8.9,1.2,49.8,29.7,93.0,10.9,29.6,8.5,52.7,103.842572787,96.74213332,25.7,47.5,"Henderson, Gunnar",Orioles,batter
"Koss, Christian",683766,2025,27,98,108,26,21,3,0,2,25,5,23.1,4.6,0.265,0.357,0.305,0.662,0.285,0.436,0.292,0.329,0.324,0.151,70.0,8.2,14.7,9.9,37.1,25.1,7.1,2,9.5,4.8,57.3,28.8,88.4,9.5,31.2,5.2,37.7,100.322026944,94.342919028,31.0,54.1,"Koss, Christian",Giants,batter
"Mayer, Marcelo",691785,2025,22,116,124,26,13,8,1,4,37,7,29.8,5.6,0.224,0.414,0.266,0.68,0.218,0.371,0.292,0.274,0.261,0.153,74.2,41.1,17.3,12.9,28.2,21.1,7.8,3,7.5,-2.9,42.1,32.1,90.2,5.4,31.3,10.0,52.5,101.41515575,95.258518125,27.1,51.2,"Mayer, Marcelo",Red Sox,batter
"Rengifo, Luis",650859,2025,28,313,334,74,57,12,1,4,60,17,18.0,5.1,0.236,0.319,0.276,0.595,0.277,0.391,0.264,0.309,0.315,0.114,70.1,9.3,11.7,9.1,35.0,27.1,7.1,9,7.7,3.9,50.2,33.4,87.7,5.4,34.4,4.3,34.8,98.265070238,93.220383333,22.6,54.3,"Rengifo, Luis",Angels,batter
"Rodriguez, Julio",677594,2025,24,393,431,99,65,17,3,14,93,28,21.6,6.5,0.252,0.417,0.313,0.73,0.268,0.456,0.319,0.339,0.328,0.188,75.8,59.6,18.0,12.8,31.0,22.0,7.7,17,7.2,-1.6,47.2,31.8,91.1,8.6,28.5,7.9,45.4,102.859617219,95.697236047,30.4,55.8,"Rodriguez, Julio",Mariners,batter
"Raley, Luke",670042,2025,30,130,156,29,19,6,0,4,38,15,24.4,9.6,0.223,0.362,0.342,0.704,0.249,0.419,0.319,0.352,0.366,0.17,74.0,40.7,15.7,10.0,29.8,18.9,7.1,6,13.9,-1.4,54.6,31.1,90.2,10.2,33.0,11.7,43.6,102.345146667,95.616491222,36.6,54.6,"Raley, Luke",Mariners,batter
"Profar, Jurickson",595777,2025,32,63,64,17,10,4,0,3,13,1,20.3,1.6,0.27,0.476,0.281,0.757,0.199,0.341,0.324,0.237,0.212,0.142,70.2,14.0,10.8,8.8,25.2,20.6,7.4,1,11.0,-7.2,54.4,30.4,87.4,14.9,22.0,4.0,34.0,97.622284,92.910498776,17.4,52.2,"Profar, Jurickson",Braves,batter
"Story, Trevor",596115,2025,32,362,384,93,65,13,0,15,107,18,27.9,4.7,0.257,0.417,0.298,0.715,0.251,0.433,0.312,0.313,0.292,0.182,70.7,12.1,16.0,11.2,30.7,21.4,7.3,14,10.8,-4.7,47.4,29.8,91.0,14.5,30.9,10.5,47.3,102.602742205,95.700880827,29.6,54.7,"Story, Trevor",Red Sox,batter
"Hicks, Liam",689414,2025,26,168,198,46,32,9,1,4,31,23,15.7,11.6,0.274,0.411,0.367,0.778,0.261,0.377,0.345,0.33,0.359,0.116,67.4,1.6,9.6,8.1,44.5,37.8,6.8,8,8.8,-0.6,46.7,33.4,85.5,12.5,36.9,4.3,27.7,96.271871014,92.169568978,17.0,37.4,"Hicks, Liam",Marlins,batter
"Caglianone, Jac",695506,2025,22,129,138,18,10,4,0,4,30,6,21.7,4.3,0.14,0.264,0.196,0.46,0.259,0.462,0.206,0.33,0.307,0.203,77.1,70.7,21.3,15.9,26.4,19.7,7.6,4,7.9,-3.9,43.1,28.5,89.1,6.1,28.3,11.1,42.4,103.009588,95.736893232,27.8,54.0,"Caglianone, Jac",Royals,batter
"Langeliers, Shea",669127,2025,27,243,267,55,31,12,0,12,52,21,19.5,7.9,0.226,0.424,0.285,0.709,0.248,0.424,0.305,0.316,0.307,0.176,72.6,25.7,16.6,12.6,34.0,26.0,7.1,1,10.6,-0.8,58.4,30.6,90.7,13.3,31.4,10.3,45.9,102.163789794,95.435654715,24.0,48.6,"Langeliers, Shea",Athletics,batter
"Tauchman, Mike",643565,2025,34,159,184,45,30,10,1,4,42,23,22.8,12.5,0.283,0.434,0.375,0.809,0.267,0.399,0.357,0.337,0.362,0.132,69.0,5.9,13.2,10.2,33.6,25.9,7.2,9,9.2,1.4,50.2,34.4,89.5,16.3,36.4,6.8,44.1,100.455511356,94.516240513,25.2,44.6,"Tauchman, Mike",White Sox,batter
"Machado, Manny",592518,2025,32,367,408,107,68,22,0,17,69,36,16.9,8.8,0.292,0.49,0.35,0.84,0.303,0.539,0.361,0.387,0.365,0.236,74.7,45.2,21.6,16.9,35.5,27.7,7.8,10,7.1,-0.1,53.7,26.9,92.6,14.6,35.6,13.5,50.8,103.499839868,96.349207492,23.1,48.9,"Machado, Manny",Padres,batter
"Correa, Carlos",621043,2025,30,303,322,80,56,17,0,7,63,18,19.6,5.6,0.264,0.389,0.304,0.693,0.276,0.428,0.304,0.323,0.317,0.153,73.9,39.8,19.3,15.2,33.7,26.4,7.3,6,8.5,-2.6,45.7,31.7,90.6,7.7,30.7,6.2,45.6,102.247763333,95.577887615,23.5,47.8,"Correa, Carlos",Twins,batter
"Cronenworth, Jake",630105,2025,31,223,270,53,33,11,1,8,55,37,20.4,13.7,0.238,0.404,0.354,0.758,0.228,0.367,0.337,0.32,0.346,0.139,71.1,14.5,14.2,11.6,31.1,25.4,7.0,4,7.6,-2.1,37.1,31.0,88.8,16.1,28.9,7.5,38.7,99.762887093,94.095312573,18.5,42.8,"Cronenworth, Jake",Padres,batter
"Lowe, Nathaniel",663993,2025,29,365,402,83,53,14,2,14,110,34,27.4,8.5,0.227,0.392,0.294,0.686,0.236,0.385,0.3,0.305,0.305,0.149,72.6,24.9,13.8,10.9,27.8,21.8,7.3,21,6.3,8.1,46.0,29.9,89.5,9.8,35.0,7.0,40.9,100.506108189,94.571868622,24.2,45.1,"Lowe, Nathaniel",Nationals,batter
"Steer, Spencer",668715,2025,27,323,351,81,54,15,1,11,84,24,23.9,6.8,0.251,0.406,0.308,0.714,0.234,0.35,0.312,0.285,0.294,0.116,70.9,6.3,10.0,7.6,29.8,22.6,7.4,12,13.1,-4.3,57.5,28.8,86.8,17.6,35.4,5.4,30.4,97.310840084,92.687835504,25.8,48.3,"Steer, Spencer",Reds,batter
"Devers, Rafael",646240,2025,28,361,443,92,52,23,0,17,110,73,24.8,16.5,0.255,0.46,0.384,0.844,0.258,0.49,0.364,0.38,0.391,0.232,71.6,19.8,17.5,11.9,31.3,21.2,7.6,20,9.2,5.6,59.4,29.2,93.4,12.6,34.5,15.3,55.3,103.789471732,96.838738583,33.2,48.5,"Devers, Rafael",Giants,batter
"Devers, Rafael",646240,2025,28,361,443,92,52,23,0,17,110,73,24.8,16.5,0.255,0.46,0.384,0.844,0.258,0.49,0.364,0.38,0.391,0.232,71.6,19.8,17.5,11.9,31.3,21.2,7.6,20,9.2,5.6,59.4,29.2,93.4,12.6,34.5,15.3,55.3,103.789471732,96.838738583,33.2,48.5,"Devers, Rafael",Red Sox,batter
"Hays, Austin",669720,2025,29,178,192,51,30,9,4,8,51,10,26.6,5.2,0.287,0.517,0.323,0.84,0.255,0.465,0.354,0.329,0.299,0.21,72.1,20.3,14.3,10.0,31.6,22.1,7.1,17,14.9,-5.2,65.0,30.6,89.5,16.3,36.2,13.1,40.0,99.835073077,94.120118923,32.6,53.9,"Hays, Austin",Reds,batter
"Castellanos, Nick",592206,2025,33,363,390,99,64,22,1,12,80,20,20.5,5.1,0.273,0.438,0.313,0.751,0.268,0.464,0.325,0.333,0.312,0.196,70.4,17.0,13.1,9.5,33.9,24.7,7.7,13,15.0,-4.0,48.9,39.5,88.5,15.0,41.1,9.4,36.9,99.235955245,93.769469298,28.1,57.9,"Castellanos, Nick",Phillies,batter
"Smith, Will",669257,2025,30,248,301,80,51,16,1,12,55,45,18.3,15.0,0.323,0.54,0.425,0.965,0.296,0.539,0.415,0.402,0.404,0.243,69.8,5.8,16.2,13.0,36.4,29.1,7.2,15,11.5,1.4,61.7,33.4,91.5,19.5,41.9,13.6,47.0,101.3009,95.127149091,21.7,38.9,"Smith, Will",Dodgers,batter
"Marsh, Brandon",669016,2025,27,197,225,51,37,10,1,3,55,23,24.4,10.2,0.259,0.365,0.332,0.697,0.269,0.436,0.31,0.338,0.342,0.167,71.5,15.8,15.2,12.0,33.4,26.5,7.1,5,9.3,0.0,42.2,38.5,91.2,12.1,34.7,8.2,47.6,100.524916944,94.879242292,20.8,47.3,"Marsh, Brandon",Phillies,batter
"Marte, Ketel",606466,2025,31,252,297,73,41,13,0,19,45,40,15.2,13.5,0.29,0.567,0.394,0.961,0.305,0.602,0.408,0.424,0.407,0.297,74.6,45.9,20.5,16.0,35.9,28.1,7.8,10,11.0,-8.0,63.1,32.5,91.0,14.5,32.7,15.9,46.2,102.588130385,95.795843188,22.7,43.6,"Marte, Ketel",Diamondbacks,batter
"Kelly, Carson",608348,2025,30,199,234,55,31,11,1,12,37,32,15.8,13.7,0.276,0.523,0.376,0.899,0.267,0.496,0.386,0.372,0.368,0.229,70.6,7.4,16.3,12.8,37.7,29.8,7.0,3,12.3,-3.7,52.7,33.1,90.2,16.1,34.8,11.0,45.1,100.461697439,94.810653963,20.6,43.4,"Kelly, Carson",Cubs,batter
"Naylor, Bo",666310,2025,25,211,244,36,17,9,1,9,66,30,27.0,12.3,0.171,0.351,0.272,0.623,0.193,0.372,0.277,0.292,0.291,0.179,72.5,22.6,10.7,8.3,25.4,19.9,7.7,10,14.3,-9.0,53.3,31.7,89.3,22.1,35.1,10.8,35.8,99.384252778,93.961953889,24.1,48.4,"Naylor, Bo",Guardians,batter
"Moniak, Mickey",666160,2025,27,230,248,59,31,9,6,13,60,15,24.2,6.0,0.257,0.517,0.306,0.823,0.255,0.47,0.349,0.331,0.306,0.215,73.8,37.5,17.2,12.9,35.1,26.3,7.7,13,11.8,-3.7,46.8,33.3,89.6,16.1,36.3,12.3,46.2,101.246071647,95.035006412,28.2,54.1,"Moniak, Mickey",Rockies,batter
"Hamilton, David",666152,2025,27,123,133,22,16,3,0,3,31,7,23.3,5.3,0.179,0.276,0.229,0.505,0.215,0.311,0.227,0.255,0.263,0.096,70.7,10.0,11.6,8.9,32.7,25.3,7.3,10,7.5,-5.7,44.7,29.6,86.2,13.6,26.6,3.2,26.6,96.455554,92.306096854,23.9,45.8,"Hamilton, David",Red Sox,batter
"Clarke, Denzel",672016,2025,25,138,149,29,20,5,1,3,60,6,40.3,4.0,0.21,0.326,0.259,0.585,0.2,0.327,0.259,0.253,0.249,0.128,74.3,43.3,13.2,8.9,26.3,17.8,7.7,7,4.3,2.1,44.5,31.0,89.3,4.3,31.3,7.5,40.0,101.033068974,94.757488312,33.8,46.3,"Clarke, Denzel",Athletics,batter
"Outman, James",681546,2025,28,33,37,4,1,1,0,2,16,4,43.2,10.8,0.121,0.333,0.216,0.549,0.153,0.43,0.244,0.29,0.245,0.277,73.5,33.3,14.7,8.3,17.6,10.0,7.9,3,18.3,-6.0,43.3,38.0,85.0,23.5,23.5,17.6,29.4,98.087951111,93.654604118,46.3,44.7,"Outman, James",Dodgers,batter
"Norby, Connor",681393,2025,25,253,273,61,43,11,1,6,73,14,26.7,5.1,0.241,0.364,0.289,0.653,0.248,0.432,0.287,0.314,0.296,0.184,69.4,7.1,11.1,8.1,28.2,20.6,6.9,24,19.4,4.7,38.1,41.3,88.2,15.5,41.8,9.3,37.4,98.722101978,93.499026868,29.9,55.2,"Norby, Connor",Marlins,batter
"Diaz, Yandy",650490,2025,33,368,404,105,72,18,1,14,55,29,13.6,7.2,0.285,0.454,0.339,0.793,0.302,0.496,0.342,0.368,0.359,0.195,73.8,37.0,25.6,21.4,38.3,31.9,7.7,5,3.6,5.4,38.5,24.2,93.2,5.6,30.0,10.1,53.5,105.271633248,97.417680987,17.3,45.7,"Diaz, Yandy",Rays,batter
"Tucker, Kyle",663656,2025,28,357,423,100,60,19,4,17,60,60,14.2,14.2,0.28,0.499,0.384,0.883,0.289,0.531,0.377,0.39,0.392,0.242,72.1,24.4,16.1,13.3,37.3,30.8,7.6,13,11.7,-8.2,49.0,33.8,90.7,18.8,38.7,12.7,42.7,100.209380867,94.4578633,20.6,45.6,"Tucker, Kyle",Cubs,batter
"Mangum, Jake",663968,2025,29,216,230,67,54,10,1,2,28,12,12.2,5.2,0.31,0.394,0.349,0.743,0.275,0.384,0.328,0.308,0.317,0.109,67.3,4.1,11.4,9.4,32.7,26.8,6.6,5,2.7,11.1,31.9,29.4,87.3,-0.6,28.0,3.2,36.9,98.205909457,93.200248634,18.8,61.8,"Mangum, Jake",Rays,batter
"Castro, Willi",650489,2025,28,253,290,67,43,14,1,9,71,29,24.5,10.0,0.265,0.435,0.356,0.791,0.256,0.396,0.348,0.33,0.348,0.141,71.4,19.4,14.7,10.9,27.7,20.5,7.2,7,7.8,-4.0,41.9,37.3,87.8,12.8,37.7,7.1,43.2,100.535872418,94.312616868,26.9,51.9,"Castro, Willi",Twins,batter
"Castro, Willi",650489,2025,28,253,290,67,43,14,1,9,71,29,24.5,10.0,0.265,0.435,0.356,0.791,0.256,0.396,0.348,0.33,0.348,0.141,71.4,19.4,14.7,10.9,27.7,20.5,7.2,7,7.8,-4.0,41.9,37.3,87.8,12.8,37.7,7.1,43.2,100.535872418,94.312616868,26.9,51.9,"Castro, Willi",Twins,pitcher
"Rave, John",670231,2025,27,68,80,12,8,4,0,0,21,9,26.3,11.3,0.176,0.235,0.269,0.504,0.208,0.285,0.235,0.28,0.305,0.077,74.4,43.3,13.7,10.4,27.5,20.9,7.3,3,10.7,-1.8,78.4,24.6,88.2,8.3,22.0,4.0,38.0,99.730266667,93.883522917,24.2,43.0,"Rave, John",Royals,batter
"Lee, Brooks",686797,2025,24,280,297,72,54,10,0,8,58,12,19.5,4.0,0.257,0.379,0.29,0.669,0.239,0.374,0.292,0.283,0.275,0.135,69.7,9.7,10.2,8.1,36.1,28.7,7.2,28,10.2,-5.0,57.5,30.5,88.8,14.1,30.7,6.2,39.1,98.483810982,93.559626339,23.8,50.6,"Lee, Brooks",Twins,batter
"Kirk, Alejandro",672386,2025,26,287,319,87,71,9,0,7,30,27,9.4,8.5,0.303,0.408,0.361,0.769,0.308,0.494,0.336,0.371,0.368,0.185,72.4,26.3,23.9,20.3,41.6,35.3,7.2,7,7.6,3.0,56.7,24.0,92.5,12.0,34.9,9.2,55.2,102.883287462,96.357995346,16.1,46.3,"Kirk, Alejandro",Blue Jays,batter
"Ruiz, Esteury",665923,2025,26,12,12,3,3,0,0,0,6,0,50.0,0.0,0.25,0.25,0.25,0.5,0.12,0.134,0.221,0.113,0.12,0.014,69.5,6.9,0.0,0.0,23.1,10.3,7.5,1,13.0,-2.8,31.0,36.2,81.2,-1.0,0.0,0.0,16.7,93.43312,90.71656,53.1,59.3,"Ruiz, Esteury",Dodgers,batter
"Polanco, Jorge",593871,2025,31,266,293,68,40,13,0,15,41,20,14.0,6.8,0.256,0.474,0.312,0.786,0.29,0.48,0.338,0.356,0.344,0.19,71.8,17.9,22.3,17.5,41.1,32.2,7.3,11,9.5,-11.0,59.3,30.3,90.8,15.2,31.9,9.6,45.9,101.87608823,95.199637478,23.7,46.6,"Polanco, Jorge",Mariners,batter
"Martinez, Angel",682657,2025,23,267,284,63,39,15,1,8,61,9,21.5,3.2,0.236,0.39,0.26,0.65,0.225,0.33,0.279,0.254,0.252,0.106,70.0,7.8,8.6,6.8,34.3,27.1,7.4,4,12.1,-6.0,55.8,33.6,87.3,17.7,33.3,3.8,27.7,96.746917115,92.445396618,21.8,56.2,"Martinez, Angel",Guardians,batter
"Iglesias, Jose",578428,2025,35,182,203,42,36,6,0,0,36,12,17.7,5.9,0.231,0.264,0.294,0.558,0.24,0.292,0.255,0.27,0.302,0.053,68.4,9.3,5.1,4.3,30.1,25.4,6.6,7,2.1,4.9,30.7,33.7,83.8,1.3,25.3,0.7,23.3,94.677332603,91.37559726,17.3,45.9,"Iglesias, Jose",Padres,batter
"Jung, Josh",673962,2025,27,279,297,66,47,10,1,8,73,16,24.6,5.4,0.237,0.366,0.283,0.649,0.254,0.425,0.285,0.314,0.3,0.171,70.4,5.3,14.3,10.9,31.0,23.6,7.0,15,11.7,2.7,54.7,37.7,87.6,12.0,41.3,8.3,42.2,100.318563627,94.350322892,26.7,51.9,"Jung, Josh",Rangers,batter
"Buxton, Byron",621439,2025,31,298,333,86,47,14,4,21,87,27,26.1,8.1,0.289,0.574,0.351,0.925,0.261,0.534,0.39,0.365,0.33,0.273,75.0,48.8,20.6,15.1,32.0,23.5,7.9,7,13.1,-5.4,59.8,33.6,92.1,17.9,33.0,15.8,55.3,103.294779159,96.52406785,29.3,50.2,"Buxton, Byron",Twins,batter
"Horwitz, Spencer",687462,2025,27,164,181,38,26,10,0,2,41,15,22.7,8.3,0.232,0.329,0.298,0.627,0.239,0.386,0.279,0.303,0.307,0.147,68.2,5.3,9.6,7.5,32.7,25.8,6.8,8,8.6,0.6,41.2,36.2,88.0,16.2,40.3,9.7,41.9,99.040066452,93.670113984,22.5,46.9,"Horwitz, Spencer",Pirates,batter
"Baty, Brett",683146,2025,25,221,242,50,31,8,2,9,60,17,24.8,7.0,0.226,0.403,0.282,0.685,0.251,0.444,0.298,0.327,0.308,0.193,75.3,52.7,18.2,13.3,31.3,22.8,7.4,5,8.3,3.6,48.9,35.4,90.9,8.1,32.5,12.9,47.9,102.450636914,95.682436149,27.4,48.1,"Baty, Brett",Mets,batter
"Vargas, Miguel",678246,2025,25,339,380,74,40,22,2,10,66,34,17.4,8.9,0.218,0.383,0.297,0.68,0.235,0.4,0.3,0.313,0.313,0.164,70.8,12.1,12.6,10.4,34.6,28.6,7.6,13,12.3,-3.7,68.8,35.6,90.0,24.1,34.2,8.7,42.2,99.668354638,94.207768945,19.9,47.3,"Vargas, Miguel",White Sox,batter
"Duran, Jarren",680776,2025,28,399,438,103,60,25,10,8,103,30,23.5,6.8,0.258,0.431,0.318,0.749,0.261,0.421,0.325,0.328,0.323,0.161,74.5,45.0,19.2,14.2,32.3,23.9,7.4,11,5.5,2.3,46.0,26.8,92.1,12.5,33.4,9.7,46.5,103.068954362,96.090696801,28.4,48.3,"Duran, Jarren",Red Sox,batter
"Lindor, Francisco",596019,2025,31,381,430,99,62,18,0,19,76,33,17.7,7.7,0.26,0.457,0.33,0.787,0.265,0.464,0.339,0.346,0.338,0.198,70.7,14.8,12.8,10.2,31.7,25.2,7.5,7,11.1,-1.5,51.1,34.1,90.2,14.6,31.8,8.7,44.1,100.56823013,94.744770651,20.9,48.7,"Lindor, Francisco",Mets,batter
"Arcia, Orlando",606115,2025,30,116,122,22,17,2,1,2,24,6,19.7,4.9,0.19,0.276,0.23,0.506,0.206,0.292,0.225,0.238,0.245,0.087,70.1,11.6,9.4,7.5,27.0,21.6,7.7,9,6.9,0.8,60.8,26.2,85.4,6.3,23.9,2.2,29.3,97.215686667,92.610337222,23.2,53.2,"Arcia, Orlando",Braves,batter
"Arcia, Orlando",606115,2025,30,116,122,22,17,2,1,2,24,6,19.7,4.9,0.19,0.276,0.23,0.506,0.206,0.292,0.225,0.238,0.245,0.087,70.1,11.6,9.4,7.5,27.0,21.6,7.7,9,6.9,0.8,60.8,26.2,85.4,6.3,23.9,2.2,29.3,97.215686667,92.610337222,23.2,53.2,"Arcia, Orlando",Rockies,batter
"Fulford, Braxton",690924,2025,26,40,42,10,6,2,1,1,18,1,42.9,2.4,0.25,0.425,0.262,0.687,0.185,0.34,0.29,0.229,0.202,0.155,71.6,21.5,16.4,11.4,25.5,17.7,6.7,6,12.1,-8.0,46.8,29.6,88.5,16.0,43.5,4.3,52.2,102.590618333,95.897144348,34.4,51.7,"Fulford, Braxton",Rockies,batter
"India, Jonathan",663697,2025,28,342,387,86,61,21,0,4,63,35,16.3,9.0,0.251,0.348,0.332,0.68,0.275,0.416,0.306,0.34,0.355,0.141,72.0,22.3,14.8,12.3,34.4,28.7,7.3,15,8.9,-3.8,62.2,27.9,88.7,17.3,36.5,6.0,38.3,99.351049149,93.80647847,19.6,41.5,"India, Jonathan",Royals,batter
"Soderstrom, Tyler",691016,2025,23,351,395,92,59,14,1,18,92,37,23.3,9.4,0.262,0.462,0.339,0.801,0.269,0.482,0.348,0.357,0.346,0.213,74.0,37.5,18.5,13.9,30.4,22.9,7.5,21,10.2,0.8,51.4,31.3,91.0,9.2,34.9,12.6,47.5,102.676212385,95.697297538,26.6,49.1,"Soderstrom, Tyler",Athletics,batter
"Simpson, Chandler",802415,2025,24,185,200,57,50,6,1,0,18,10,9.0,5.0,0.308,0.351,0.34,0.691,0.3,0.345,0.306,0.305,0.338,0.045,64.5,0.0,2.6,2.3,45.0,40.3,6.3,2,4.1,4.6,42.2,28.6,83.6,0.1,30.6,0.0,16.6,92.892734815,90.644211925,12.1,47.6,"Simpson, Chandler",Rays,batter
"Bellinger, Cody",641355,2025,29,340,375,96,59,18,3,16,54,29,14.4,7.7,0.282,0.494,0.336,0.83,0.27,0.455,0.355,0.338,0.329,0.184,70.3,9.3,14.1,11.4,35.8,29.1,7.7,8,13.1,-3.4,58.5,32.3,89.2,18.1,36.1,8.2,40.5,99.325921724,93.90774519,19.1,49.0,"Bellinger, Cody",Yankees,batter
"Sosa, Lenyn",672820,2025,25,288,298,77,53,14,1,9,71,8,23.8,2.7,0.267,0.417,0.29,0.707,0.274,0.456,0.306,0.322,0.296,0.182,72.3,25.0,14.9,11.5,35.4,27.3,7.4,4,10.9,1.4,55.2,32.8,90.7,19.3,39.9,8.7,42.7,100.502762685,94.759700605,24.1,53.8,"Sosa, Lenyn",White Sox,batter
"Estrada, Thairo",642731,2025,29,116,125,33,24,7,0,2,16,4,12.8,3.2,0.284,0.397,0.312,0.709,0.243,0.321,0.307,0.265,0.277,0.078,71.9,20.7,9.3,7.7,32.0,26.4,7.2,5,10.3,-3.3,54.8,30.5,87.1,6.2,27.2,1.9,30.1,97.154220196,92.660642647,20.8,54.4,"Estrada, Thairo",Rockies,batter
"Straw, Myles",664702,2025,30,171,189,42,32,9,0,1,27,10,14.3,5.3,0.246,0.316,0.29,0.606,0.254,0.379,0.27,0.296,0.298,0.125,66.7,1.1,8.8,7.5,40.3,34.4,6.8,5,6.2,3.5,43.0,36.0,87.4,14.5,33.8,5.3,27.2,96.063713521,92.090204014,15.1,47.4,"Straw, Myles",Blue Jays,batter
"Merrill, Jackson",701538,2025,22,243,272,64,43,12,2,7,59,23,21.7,8.5,0.263,0.416,0.328,0.744,0.277,0.498,0.324,0.36,0.343,0.221,71.8,19.9,14.9,10.9,29.2,21.4,7.3,9,8.6,2.5,43.0,36.8,88.5,14.2,39.9,12.2,37.8,99.706357097,93.949441022,27.1,58.2,"Merrill, Jackson",Padres,batter
"Santana, Carlos",467793,2025,39,311,360,72,54,7,0,11,67,43,18.6,11.9,0.232,0.36,0.328,0.688,0.227,0.369,0.308,0.308,0.325,0.142,71.5,17.8,14.7,11.5,29.7,23.1,7.6,7,12.7,-5.4,66.1,26.5,88.4,16.2,31.2,6.1,41.3,100.332563952,94.259710162,23.1,43.9,"Santana, Carlos",Guardians,batter
