game_id,sport,game_date,game_time,league,away_team,home_team,market_type,bet_side,market,side,line,take_bet,dk_odds_american,dk_odds_decimal,model_prob,prob_used_for_selection,prob_for_ev,prob_for_kelly,ev_probability_source,kelly_probability_source,raw_ev,adjusted_ev,ev,kelly,selection_reason,low_confidence
63299213,baseball,2026_07_28,18:45:00,MLB,Toronto Blue Jays,Washington Nationals,run_line,away,run_line,away,1.5,away_run_line,-175.0,1.5714285714285714,0.64134727309443,0.64134727309443,0.64134727309443,0.64134727309443,away_normalized_prob_run_line,away_normalized_prob_run_line,0.0078314291483898,-0.0519685708516101,-0.0519685708516101,0.0137050010096823,"ev_band=[-10.0,99.99];kelly_band=[-10.0,99.99];odds_band=[-1000,1000];line_band=[-2.5,2.5];prob_band=[0.0,1.0]",0
63299213,baseball,2026_07_28,18:45:00,MLB,Toronto Blue Jays,Washington Nationals,total,under,total,under,8.5,under_total,102.0,2.02,0.4971410545263928,0.4971410545263928,0.4971410545263928,0.4971410545263928,under_normalized_prob_total,under_normalized_prob_total,0.0042249301433134,0.0133342027304325,0.0133342027304325,0.0041420883757975,"ev_band=[-10.0,99.99];kelly_band=[-10.0,99.99];odds_band=[-1000,1000];line_band=[0.0,20.0];prob_band=[0.0,1.0]",0
63299213,baseball,2026_07_28,18:45:00,MLB,Toronto Blue Jays,Washington Nationals,moneyline,away,moneyline,away,,away_moneyline,119.0,2.19,0.4838393731635651,0.4838393731635651,0.4838393731635651,0.4838393731635651,away_normalized_prob_moneyline,away_normalized_prob_moneyline,0.0596082272282076,-0.0001917727717923,-0.0001917727717923,0.0500909472505946,"ev_band=[-10.0,99.99];kelly_band=[-10.0,99.99];odds_band=[-1000,1000];prob_band=[0.0,1.0]",0
63299315,baseball,2026_07_28,18:40:00,MLB,Baltimore Orioles,Detroit Tigers,total,under,total,under,9.0,under_total,-103.0,1.970873786407767,0.5232805647637199,0.5232805647637199,0.5232805647637199,0.5232805647637199,under_normalized_prob_total,under_normalized_prob_total,0.0313199480294672,0.0330637880294672,0.0330637880294672,0.0322595464703513,"ev_band=[-10.0,99.99];kelly_band=[-10.0,99.99];odds_band=[-1000,1000];line_band=[0.0,20.0];prob_band=[0.0,1.0]",0
63299363,baseball,2026_07_28,21:40:00,MLB,Colorado Rockies,San Diego Padres,run_line,home,run_line,home,-1.5,home_run_line,112.0,2.12,0.548917972725234,0.548917972725234,0.548917972725234,0.548917972725234,home_normalized_prob_run_line,home_normalized_prob_run_line,0.1637061021774961,0.1838561021774961,0.1838561021774961,0.1461661626584786,"ev_band=[-10.0,99.99];kelly_band=[-10.0,99.99];odds_band=[-1000,1000];line_band=[-2.5,2.5];prob_band=[0.0,1.0]",0
63299363,baseball,2026_07_28,21:40:00,MLB,Colorado Rockies,San Diego Padres,total,over,total,over,8.0,over_total,-112.0,1.8928571428571428,0.6255145847249859,0.6255145847249859,0.6255145847249859,0.6255145847249859,over_normalized_prob_total,over_normalized_prob_total,0.1840097496580088,0.1859662726621127,0.1859662726621127,0.20609091961697,"ev_band=[-10.0,99.99];kelly_band=[-10.0,99.99];odds_band=[-1000,1000];line_band=[0.0,20.0];prob_band=[0.0,1.0]",0
63299363,baseball,2026_07_28,21:40:00,MLB,Colorado Rockies,San Diego Padres,moneyline,home,moneyline,home,,home_moneyline,-192.0,1.5208333333333337,0.6792302939359167,0.6792302939359167,0.6792302939359167,0.6792302939359167,home_normalized_prob_moneyline,home_normalized_prob_moneyline,0.0329960720275401,0.0531460720275401,0.0531460720275401,0.0633524582928772,"ev_band=[-10.0,99.99];kelly_band=[-10.0,99.99];odds_band=[-1000,1000];prob_band=[0.0,1.0]",0
63299465,baseball,2026_07_28,21:38:00,MLB,Houston Astros,Los Angeles Angels,run_line,home,run_line,home,1.5,home_run_line,-188.0,1.5319148936170213,0.6637252249303344,0.6637252249303344,0.6637252249303344,0.6637252249303344,home_normalized_prob_run_line,home_normalized_prob_run_line,0.0167705573400867,0.0206705573400867,0.0206705573400867,0.031528647799363,"ev_band=[-10.0,99.99];kelly_band=[-10.0,99.99];odds_band=[-1000,1000];line_band=[-2.5,2.5];prob_band=[0.0,1.0]",0
63299465,baseball,2026_07_28,21:38:00,MLB,Houston Astros,Los Angeles Angels,total,over,total,over,8.0,over_total,-113.0,1.8849557522123888,0.5666933063512185,0.5666933063512185,0.5666933063512185,0.5666933063512185,over_normalized_prob_total,over_normalized_prob_total,0.0681918075469867,0.0720725275469867,0.0720725275469867,0.077056742528095,"ev_band=[-10.0,99.99];kelly_band=[-10.0,99.99];odds_band=[-1000,1000];line_band=[0.0,20.0];prob_band=[0.0,1.0]",0
63301067,baseball,2026_07_28,19:10:00,MLB,Atlanta Braves,New York Mets,run_line,home,run_line,home,1.5,home_run_line,-131.0,1.763358778625954,0.5726187936999982,0.5726187936999982,0.5726187936999982,0.5726187936999982,home_normalized_prob_run_line,home_normalized_prob_run_line,0.009732376677096,-0.0110676233229039,-0.0110676233229039,0.0127494134469957,"ev_band=[-10.0,99.99];kelly_band=[-10.0,99.99];odds_band=[-1000,1000];line_band=[-2.5,2.5];prob_band=[0.0,1.0]",0
63301067,baseball,2026_07_28,19:10:00,MLB,Atlanta Braves,New York Mets,total,over,total,over,7.5,over_total,100.0,2.0,0.5000573814891565,0.5000573814891565,0.5000573814891565,0.5000573814891565,over_normalized_prob_total,over_normalized_prob_total,0.0001147629783129,0.0002750885417842,0.0002750885417842,0.0001147629783129,"ev_band=[-10.0,99.99];kelly_band=[-10.0,99.99];odds_band=[-1000,1000];line_band=[0.0,20.0];prob_band=[0.0,1.0]",0
63301067,baseball,2026_07_28,19:10:00,MLB,Atlanta Braves,New York Mets,moneyline,home,moneyline,home,,home_moneyline,139.0,2.39,0.4416126551686257,0.4416126551686257,0.4416126551686257,0.4416126551686257,home_normalized_prob_moneyline,home_normalized_prob_moneyline,0.0554542458530153,0.0346542458530154,0.0346542458530154,0.03989514090145,"ev_band=[-10.0,99.99];kelly_band=[-10.0,99.99];odds_band=[-1000,1000];prob_band=[0.0,1.0]",0
63301113,baseball,2026_07_28,19:45:00,MLB,Chicago Cubs,St Louis Cardinals,run_line,home,run_line,home,1.5,home_run_line,-181.0,1.5524861878453038,0.6887930360371508,0.6887930360371508,0.6887930360371508,0.6887930360371508,home_normalized_prob_run_line,home_normalized_prob_run_line,0.0693416747317092,0.0693416747317092,0.0693416747317092,0.1255084312643937,"ev_band=[-10.0,99.99];kelly_band=[-10.0,99.99];odds_band=[-1000,1000];line_band=[-2.5,2.5];prob_band=[0.0,1.0]",0
63301639,baseball,2026_07_28,18:40:00,MLB,Philadelphia Phillies,Miami Marlins,run_line,home,run_line,home,1.5,home_run_line,-200.0,1.5,0.7377126209107611,0.7377126209107611,0.7377126209107611,0.7377126209107611,home_normalized_prob_run_line,home_normalized_prob_run_line,0.1065689313661415,0.1195689313661415,0.1195689313661415,0.2131378627322832,"ev_band=[-10.0,99.99];kelly_band=[-10.0,99.99];odds_band=[-1000,1000];line_band=[-2.5,2.5];prob_band=[0.0,1.0]",0
63301639,baseball,2026_07_28,18:40:00,MLB,Philadelphia Phillies,Miami Marlins,total,over,total,over,8.0,over_total,-117.0,1.8547008547008548,0.6297455533723327,0.6297455533723327,0.6297455533723327,0.6297455533723327,over_normalized_prob_total,over_normalized_prob_total,0.1679896160837282,0.1729610176221897,0.1729610176221897,0.1965478508179621,"ev_band=[-10.0,99.99];kelly_band=[-10.0,99.99];odds_band=[-1000,1000];line_band=[0.0,20.0];prob_band=[0.0,1.0]",0
63302033,baseball,2026_07_28,18:40:00,MLB,Texas Rangers,Tampa Bay Rays,total,over,total,over,8.5,over_total,-101.0,1.99009900990099,0.5163740531955879,0.5163740531955879,0.5163740531955879,0.5163740531955879,over_normalized_prob_total,over_normalized_prob_total,0.0276354920031007,0.0271933241310511,0.0271933241310511,0.0279118469231317,"ev_band=[-10.0,99.99];kelly_band=[-10.0,99.99];odds_band=[-1000,1000];line_band=[0.0,20.0];prob_band=[0.0,1.0]",0
63302085,baseball,2026_07_28,19:10:00,MLB,Cleveland Guardians,Cincinnati Reds,run_line,home,run_line,home,1.5,home_run_line,-136.0,1.7352941176470589,0.661216298837672,0.661216298837672,0.661216298837672,0.661216298837672,home_normalized_prob_run_line,home_normalized_prob_run_line,0.147404753865372,0.147404753865372,0.147404753865372,0.2004704652569059,"ev_band=[-10.0,99.99];kelly_band=[-10.0,99.99];odds_band=[-1000,1000];line_band=[-2.5,2.5];prob_band=[0.0,1.0]",0
63302085,baseball,2026_07_28,19:10:00,MLB,Cleveland Guardians,Cincinnati Reds,total,under,total,under,9.0,under_total,-111.0,1.900900900900901,0.6164291201421344,0.6164291201421344,0.6164291201421344,0.6164291201421344,under_normalized_prob_total,under_normalized_prob_total,0.171770669819733,0.1691558017818962,0.1691558017818962,0.1906654434999035,"ev_band=[-10.0,99.99];kelly_band=[-10.0,99.99];odds_band=[-1000,1000];line_band=[0.0,20.0];prob_band=[0.0,1.0]",0
63302085,baseball,2026_07_28,19:10:00,MLB,Cleveland Guardians,Cincinnati Reds,moneyline,home,moneyline,home,,home_moneyline,108.0,2.08,0.4956227054504378,0.4956227054504378,0.4956227054504378,0.4956227054504378,home_normalized_prob_moneyline,home_normalized_prob_moneyline,0.0308952273369107,0.0308952273369107,0.0308952273369107,0.028606691978621,"ev_band=[-10.0,99.99];kelly_band=[-10.0,99.99];odds_band=[-1000,1000];prob_band=[0.0,1.0]",0
63302319,baseball,2026_07_28,21:40:00,MLB,Boston Red Sox,Athletics,run_line,home,run_line,home,1.5,home_run_line,-128.0,1.78125,0.5907704457551634,0.5907704457551634,0.5907704457551634,0.5907704457551634,home_normalized_prob_run_line,home_normalized_prob_run_line,0.0523098565013846,0.0256598565013846,0.0256598565013846,0.0669566163217724,"ev_band=[-10.0,99.99];kelly_band=[-10.0,99.99];odds_band=[-1000,1000];line_band=[-2.5,2.5];prob_band=[0.0,1.0]",0
63302319,baseball,2026_07_28,21:40:00,MLB,Boston Red Sox,Athletics,total,over,total,over,9.5,over_total,-112.0,1.8928571428571428,0.5849747655243235,0.5849747655243235,0.5849747655243235,0.5849747655243235,over_normalized_prob_total,over_normalized_prob_total,0.1072736633138979,0.1113345033138979,0.1113345033138979,0.1201465029115657,"ev_band=[-10.0,99.99];kelly_band=[-10.0,99.99];odds_band=[-1000,1000];line_band=[0.0,20.0];prob_band=[0.0,1.0]",0
63302319,baseball,2026_07_28,21:40:00,MLB,Boston Red Sox,Athletics,moneyline,home,moneyline,home,,home_moneyline,127.0,2.27,0.4626893663131134,0.4626893663131134,0.4626893663131134,0.4626893663131134,home_normalized_prob_moneyline,home_normalized_prob_moneyline,0.0503048615307675,0.0236548615307675,0.0236548615307675,0.0396101271895806,"ev_band=[-10.0,99.99];kelly_band=[-10.0,99.99];odds_band=[-1000,1000];prob_band=[0.0,1.0]",0
63302645,baseball,2026_07_28,19:40:00,MLB,New York Yankees,Chicago White Sox,run_line,home,run_line,home,1.5,home_run_line,-149.0,1.6711409395973154,0.6427183236283986,0.6427183236283986,0.6427183236283986,0.6427183236283986,home_normalized_prob_run_line,home_normalized_prob_run_line,0.0740729032447735,0.0350729032447735,0.0350729032447735,0.1103686258347125,"ev_band=[-10.0,99.99];kelly_band=[-10.0,99.99];odds_band=[-1000,1000];line_band=[-2.5,2.5];prob_band=[0.0,1.0]",0
63302645,baseball,2026_07_28,19:40:00,MLB,New York Yankees,Chicago White Sox,total,under,total,under,8.0,under_total,-105.0,1.9523809523809523,0.5216085431879514,0.5216085431879514,0.5216085431879514,0.5216085431879514,under_normalized_prob_total,under_normalized_prob_total,0.0183785843193335,0.0082915786566109,0.0082915786566109,0.0192975135353002,"ev_band=[-10.0,99.99];kelly_band=[-10.0,99.99];odds_band=[-1000,1000];line_band=[0.0,20.0];prob_band=[0.0,1.0]",0
63302645,baseball,2026_07_28,19:40:00,MLB,New York Yankees,Chicago White Sox,moneyline,home,moneyline,home,,home_moneyline,112.0,2.12,0.4821994635454767,0.4821994635454767,0.4821994635454767,0.4821994635454767,home_normalized_prob_moneyline,home_normalized_prob_moneyline,0.0222628627164107,-0.0167371372835892,-0.0167371372835892,0.0198775559967952,"ev_band=[-10.0,99.99];kelly_band=[-10.0,99.99];odds_band=[-1000,1000];prob_band=[0.0,1.0]",0
63302651,baseball,2026_07_28,22:10:00,MLB,Seattle Mariners,Los Angeles Dodgers,total,under,total,under,9.5,under_total,-116.0,1.862068965517241,0.6321551908274762,0.6321551908274762,0.6321551908274762,0.6321551908274762,under_normalized_prob_total,under_normalized_prob_total,0.1771165622304726,0.1718189497326289,0.1718189497326289,0.2054552121873483,"ev_band=[-10.0,99.99];kelly_band=[-10.0,99.99];odds_band=[-1000,1000];line_band=[0.0,20.0];prob_band=[0.0,1.0]",0
63302757,baseball,2026_07_28,19:40:00,MLB,Kansas City Royals,Minnesota Twins,total,under,total,under,9.0,under_total,-103.0,1.970873786407767,0.5506919159872525,0.5506919159872525,0.5506919159872525,0.5506919159872525,under_normalized_prob_total,under_normalized_prob_total,0.0853442616059443,0.079771950466673,0.079771950466673,0.0879045894541226,"ev_band=[-10.0,99.99];kelly_band=[-10.0,99.99];odds_band=[-1000,1000];line_band=[0.0,20.0];prob_band=[0.0,1.0]",0
63302757,baseball,2026_07_28,19:40:00,MLB,Kansas City Royals,Minnesota Twins,moneyline,away,moneyline,away,,away_moneyline,135.0,2.35,0.467151687544445,0.467151687544445,0.467151687544445,0.467151687544445,away_normalized_prob_moneyline,away_normalized_prob_moneyline,0.0978064657294459,0.0672564657294459,0.0672564657294459,0.0724492338736635,"ev_band=[-10.0,99.99];kelly_band=[-10.0,99.99];odds_band=[-1000,1000];prob_band=[0.0,1.0]",0
63303463,baseball,2026_07_28,18:40:00,MLB,Arizona Diamondbacks,Pittsburgh Pirates,run_line,home,run_line,home,1.5,home_run_line,-196.0,1.510204081632653,0.7436575776879447,0.7436575776879447,0.7436575776879447,0.7436575776879447,home_normalized_prob_run_line,home_normalized_prob_run_line,0.1230747091613857,0.1269747091613857,0.1269747091613857,0.2412264299563162,"ev_band=[-10.0,99.99];kelly_band=[-10.0,99.99];odds_band=[-1000,1000];line_band=[-2.5,2.5];prob_band=[0.0,1.0]",0
63303463,baseball,2026_07_28,18:40:00,MLB,Arizona Diamondbacks,Pittsburgh Pirates,total,over,total,over,9.0,over_total,-111.0,1.900900900900901,0.5350286599584804,0.5350286599584804,0.5350286599584804,0.5350286599584804,over_normalized_prob_total,over_normalized_prob_total,0.017036461722877,0.0178149047998001,0.0178149047998001,0.0189104725123936,"ev_band=[-10.0,99.99];kelly_band=[-10.0,99.99];odds_band=[-1000,1000];line_band=[0.0,20.0];prob_band=[0.0,1.0]",0
63303491,baseball,2026_07_28,21:45:00,MLB,Milwaukee Brewers,San Francisco Giants,total,over,total,over,7.5,over_total,-108.0,1.925925925925926,0.6233577912195994,0.6233577912195994,0.6233577912195994,0.6233577912195994,over_normalized_prob_total,over_normalized_prob_total,0.200540931237747,0.1974410437878451,0.1974410437878451,0.2165842057367669,"ev_band=[-10.0,99.99];kelly_band=[-10.0,99.99];odds_band=[-1000,1000];line_band=[0.0,20.0];prob_band=[0.0,1.0]",0
73217788,baseball,2026_07_28,13:40:00,MLB,Cleveland Guardians,Cincinnati Reds,run_line,away,run_line,away,1.5,away_run_line,-144.0,1.6944444444444444,0.5912669136777976,0.5912669136777976,0.5912669136777976,0.5912669136777976,away_normalized_prob_run_line,away_normalized_prob_run_line,0.001868937065157,-0.0351810629348429,-0.0351810629348429,0.002691269373826,"ev_band=[-10.0,99.99];kelly_band=[-10.0,99.99];odds_band=[-1000,1000];line_band=[-2.5,2.5];prob_band=[0.0,1.0]",0
73217788,baseball,2026_07_28,13:40:00,MLB,Cleveland Guardians,Cincinnati Reds,total,under,total,under,9.0,under_total,-108.0,1.925925925925926,0.6027066917368438,0.6027066917368438,0.6027066917368438,0.6027066917368438,under_normalized_prob_total,under_normalized_prob_total,0.1607684433450324,0.1583197527941228,0.1583197527941228,0.173629918812635,"ev_band=[-10.0,99.99];kelly_band=[-10.0,99.99];odds_band=[-1000,1000];line_band=[0.0,20.0];prob_band=[0.0,1.0]",0
73217788,baseball,2026_07_28,13:40:00,MLB,Cleveland Guardians,Cincinnati Reds,moneyline,away,moneyline,away,,away_moneyline,135.0,2.35,0.4600219058050383,0.4600219058050383,0.4600219058050383,0.4600219058050383,away_normalized_prob_moneyline,away_normalized_prob_moneyline,0.0810514786418401,0.0440014786418401,0.0440014786418401,0.0600381323272889,"ev_band=[-10.0,99.99];kelly_band=[-10.0,99.99];odds_band=[-1000,1000];prob_band=[0.0,1.0]",0
