last_run,game_id,sport,league,game_date,game_time,home_team,away_team,away_run_line,home_run_line,total,dk_total_over_american,dk_total_under_american,dk_total_over_decimal,dk_total_under_decimal,home_pitcher,away_pitcher,dratings_home_prob,dratings_away_prob,dratings_home_projected_runs,dratings_away_projected_runs,dratings_total_projected_runs,model_home_runs,model_away_runs,model_total_runs,run_model_version,run_model_feature_status,total_runs_over_prob,total_runs_under_prob,gamePk,home_team_id,away_team_id,venue_id,roof_type,turf_type,home_pitcher_id,away_pitcher_id,home_pitcher_hand,away_pitcher_hand,home_sp_xwoba,away_sp_xwoba,home_sp_k_pct,away_sp_k_pct,home_sp_bb_pct,away_sp_bb_pct,home_sp_barrel_pct,away_sp_barrel_pct,home_sp_whiff_pct,away_sp_whiff_pct,home_sp_sample_flag,away_sp_sample_flag,home_batters_found,away_batters_found,home_sp_found,away_sp_found,home_lineup_xwoba,home_lineup_barrel_pct,home_lineup_hard_hit_pct,home_lineup_k_pct,home_lineup_bb_pct,home_lineup_exit_velo,home_lineup_frv,home_lineup_brv,home_catcher_framing,home_low_sample_count,home_n_left,home_n_right,home_n_switch,away_lineup_xwoba,away_lineup_barrel_pct,away_lineup_hard_hit_pct,away_lineup_k_pct,away_lineup_bb_pct,away_lineup_exit_velo,away_lineup_frv,away_lineup_brv,away_catcher_framing,away_low_sample_count,away_n_left,away_n_right,away_n_switch,park_factor,park_wOBAcon,park_xwOBAcon,park_HR,park_R,park_factor_B,park_wOBAcon_B,park_xwOBAcon_B,park_HR_B,park_R_B,weather_applicable,weather_time,temp_f,wind_mph,wind_dir,precip_in,humidity,will_it_rain,wind_blowing_out,air_pressure_at_sea_level,dew_point_f,symbol_code,sp_data_available,lineup_data_available,over_model_prob_total_win,over_model_prob_total_loss,under_model_prob_total_win,under_model_prob_total_loss,total_model_prob_push,fair_total_over_decimal,fair_total_under_decimal,over_conditional_win_prob,under_conditional_win_prob,over_market_break_even_prob_total,under_market_break_even_prob_total,over_edge_prob_total,under_edge_prob_total,over_prob_for_ev,over_prob_for_kelly,over_ev_probability_source,over_kelly_probability_source,under_prob_for_ev,under_prob_for_kelly,under_ev_probability_source,under_kelly_probability_source,over_ev,under_ev,over_kelly_raw,under_kelly_raw,over_kelly,under_kelly
2026-08-28T17:14:03.612467+00:00,1a0f51cf52137e602d477a383aededcd,baseball,mlb,2026_05_10,16:11:00,Arizona Diamondbacks,New York Mets,-1.5,1.5,8.5,-114,-105,1.8771929824561404,1.9523809523809523,Eduardo Rodriguez,Huascar Brazoban,0.519,0.481,4.6,4.39,8.99,4.020665545027289,4.19349131101392,8.21415685604121,home:2026-08-26T18:37:34.270011+00:00|away:2026-08-26T18:37:54.950323+00:00,both_starters_sdv_found;missing_features=none,0.5098167539267016,0.4901832460732984,825085,109,121,15,Retractable,Artificial Turf,593958,623211,L,R,0.333,0.274,17.3,22.1,7.7,10.2,8.3,3.8,20.6,25.2,ok,ok,9,9,1,1,0.2997777777777777,6.977777777777778,36.144444444444446,20.87777777777778,8.233333333333333,88.36666666666667,20.280589166245065,6.849063279225861,-4.410728877912887,0,2,2,4,0.3006666666666666,6.988888888888889,35.388888888888886,19.688888888888886,7.933333333333333,88.16666666666667,-4.548317914778284,-0.9672445434941614,5.177418053452004,2,2,7,0,102.1765,100.8235,99.1765,79.7059,104.3529,101,100,99,78,102,1,2026-05-10 16:00,104.4,7.4,W,0.0,5,0,0,,,,1,1,0.4373179088638628,0.5626820911361372,0.5626820911361372,0.4373179088638628,0.0,2.286666015114648,1.7772024661045354,0.4373179088638628,0.5626820911361372,0.5327102803738317,0.5121951219512195,-0.0953923715099689,0.0504869691849176,0.4373179088638628,0.4373179088638628,over_model_prob_total_win,over_model_prob_total_win,0.5626820911361372,0.5626820911361372,under_model_prob_total_win,under_model_prob_total_win,-0.1790698903783628,0.0985697969800774,-0.20413967503133357,0.10349828682908127,0.0,0.10349828682908127
2026-08-28T17:14:03.612467+00:00,1a85cdf5d7c53f361d8dd4b822af8f09,baseball,mlb,2026_05_10,19:21:00,Kansas City Royals,Detroit Tigers,1.5,-1.5,8.0,-117,-102,1.8547008547008548,1.9803921568627447,Noah Cameron,Brenan Hanifee,0.529,0.471,4.05,3.75,7.8,3.83292393100029,3.904461563591235,7.737385494591525,home:2026-08-26T18:37:34.270011+00:00|away:2026-08-26T18:37:54.950323+00:00,both_starters_sdv_found;missing_features=none,0.5163869952805453,0.4836130047194546,824113,118,116,7,Open,Grass,702070,669724,L,,0.315,0.37,21.7,10.8,7.4,7.5,8.1,8.1,26.4,14.4,ok,ok,9,9,1,1,0.3088888888888888,7.377777777777778,41.08888888888888,20.97777777777777,8.3,89.5888888888889,18.220581298040106,4.461188019705187,2.987852294848169,0,4,3,1,0.3138888888888889,8.966666666666669,38.144444444444446,23.7,9.511111111111113,88.92222222222222,-15.392678652811409,3.536744818304422,6.594804306504809,1,2,5,1,101.0,98.4375,101.6875,87.0,102.0,101,99,101,86,102,1,2026-05-10 19:00,59.9,5.8,NE,0.0,64,0,1,,,,1,1,0.3708486912143265,0.490178597138572,0.490178597138572,0.3708486912143265,0.1389727116471018,2.321775184195757,1.7565583103366071,0.4307049221677297,0.5692950778322703,0.5391705069124424,0.5049504950495051,-0.1084655847447126,0.0643445827827652,0.3708486912143265,0.3708486912143265,over_model_prob_total_win,over_model_prob_total_win,0.490178597138572,0.490178597138572,under_model_prob_total_win,under_model_prob_total_win,-0.17321390379299373,0.10971856088231252,-0.23537031889602647,0.12997605722118585,0.0,0.12997605722118585
2026-08-28T17:14:03.612467+00:00,24f0fb743655b2176ff9d2f1d17bc2d0,baseball,mlb,2026_05_10,16:06:00,San Francisco Giants,Pittsburgh Pirates,-1.5,1.5,8.0,-112,-107,1.8928571428571428,1.9345794392523368,Tyler Mahle,Bubba Chandler,0.516,0.484,4.08,3.91,7.99,4.757294917956222,5.171630427706522,9.928925345662744,home:2026-08-26T18:37:34.270011+00:00|away:2026-08-26T18:37:54.950323+00:00,both_starters_sdv_found;missing_features=none,0.5054504229528212,0.4945495770471788,823221,137,134,2395,Open,Grass,641816,696149,R,R,0.306,0.311,23.4,20.5,8.7,12.1,7.0,5.7,23.0,23.1,ok,ok,9,9,1,1,0.3143333333333333,6.822222222222222,36.8,18.57777777777778,7.044444444444444,88.4888888888889,-6.23739119998142,0.966714461472131,,1,4,4,0,0.3175555555555556,8.577777777777778,42.077777777777776,23.65555555555555,8.744444444444445,89.57777777777777,-11.091726670187333,1.858567090736552,0.0888480092026308,0,4,5,0,97.0,96.0,96.9412,77.1765,94.0,97,96,97,77,94,1,2026-05-10 16:00,62.2,11.6,W,0.0,69,0,0,,,,1,1,0.6591207796098966,0.2266913561219412,0.2266913561219412,0.6591207796098966,0.1141878642681619,1.3439299186654523,3.907569088145311,0.7440864185782982,0.2559135814217017,0.5283018867924528,0.5169082125603864,0.2157845317858453,-0.2609946311386847,0.6591207796098966,0.6591207796098966,over_model_prob_total_win,over_model_prob_total_win,0.2266913561219412,0.2266913561219412,under_model_prob_total_win,under_model_prob_total_win,0.3618093399583236,-0.44725969912210095,0.4574632073859922,-0.540258886457077,0.4574632073859922,0.0
2026-08-28T17:14:03.612467+00:00,2f41717fcce350329e8ac46662be3d88,baseball,mlb,2026_05_10,12:16:00,Miami Marlins,Washington Nationals,1.5,-1.5,8.5,-107,-112,1.9345794392523368,1.8928571428571428,Sandy Alcantara,Cade Cavalli,0.572,0.428,4.92,4.16,9.08,4.278261853457091,4.794598790458732,9.072860643915824,home:2026-08-26T18:37:34.270011+00:00|away:2026-08-26T18:37:54.950323+00:00,both_starters_sdv_found;missing_features=none,0.4945495770471788,0.5054504229528212,823868,146,120,4169,Retractable,Artificial Turf,645261,676917,R,R,0.295,0.307,18.5,26.1,6.6,7.1,5.4,7.3,21.6,25.7,ok,ok,9,9,1,1,0.2998888888888888,6.51111111111111,38.488888888888894,22.044444444444444,8.288888888888888,88.36666666666666,12.267561547305377,0.7177483055917339,-0.1195439985066424,1,3,2,1,0.3233333333333333,8.422222222222222,36.68888888888889,21.31111111111112,8.833333333333334,88.13333333333333,7.806471608684394,9.55074476941418,4.034684718448269,0,5,2,2,100.5333,99.2667,100.6333,84.0667,101.0667,100,99,100,82,100,1,2026-05-10 12:00,88.5,13.0,SSE,0.0,61,0,0,,,,1,1,0.5539076125085138,0.4460923874914861,0.4460923874914861,0.5539076125085138,0.0,1.8053552206499588,2.2416881077556727,0.5539076125085138,0.4460923874914861,0.5169082125603864,0.5283018867924528,0.0369993999481274,-0.0822094993009667,0.5539076125085138,0.5539076125085138,over_model_prob_total_win,over_model_prob_total_win,0.4460923874914861,0.4460923874914861,under_model_prob_total_win,under_model_prob_total_win,0.07157827840432135,-0.1556108379625441,0.07658875789262382,-0.17428413851804941,0.07658875789262382,0.0
2026-08-28T17:14:03.612467+00:00,3751eb6375883244bf07ebaa76d74e35,baseball,mlb,2026_05_10,13:40:00,Cincinnati Reds,Houston Astros,1.5,-1.5,9.0,100,-120,2.0,1.8333333333333333,Andrew Abbott,Kei-Wei Teng,0.543,0.457,5.05,4.6,9.65,4.221162654295871,4.667256988093069,8.88841964238894,home:2026-08-26T18:37:34.270011+00:00|away:2026-08-26T18:37:54.950323+00:00,both_starters_sdv_found;missing_features=none,0.4782608695652174,0.5217391304347826,824520,113,117,2602,Open,Grass,671096,678906,L,R,0.333,0.334,17.6,22.3,11.1,10.0,7.5,7.8,22.5,25.2,ok,ok,9,8,1,1,0.3266666666666666,10.7,39.94444444444444,24.522222222222226,10.2,90.21111111111112,1.8340359534244857,1.0638942233094544,-8.712701166412673,0,1,5,1,0.30975,9.575,39.1125,23.6,7.95,88.61250000000001,4.961757665058616,-5.9460389344273965,,1,1,6,0,100.7143,101.0714,100.1786,114.4286,101.4286,102,102,100,116,104,1,2026-05-10 13:00,70.8,5.1,NNE,0.0,38,0,0,,,,1,0,0.3978938242183641,0.4704423963100859,0.4704423963100859,0.3978938242183641,0.13166377947155,2.18233148562745,1.8457864923298657,0.4582255292497356,0.5417744707502644,0.5,0.5454545454545455,-0.0417744707502644,-0.0036800747042811,0.3978938242183641,0.3978938242183641,over_model_prob_total_win,over_model_prob_total_win,0.4704423963100859,0.4704423963100859,under_model_prob_total_win,under_model_prob_total_win,-0.07254857209172177,-0.005858493959959243,-0.08354894150052884,-0.008096164349418334,0.0,0.0
2026-08-28T17:14:03.612467+00:00,42a6a833eaecf112c826202eb1d596f9,baseball,mlb,2026_05_10,13:36:00,Baltimore Orioles,Athletics,-1.5,1.5,9.5,-117,-102,1.8547008547008548,1.9803921568627447,Chris Bassitt,Luis Severino,0.514,0.486,4.65,4.51,9.16,4.561651904215387,5.212877187442554,9.77452909165794,home:2026-08-26T18:37:34.270011+00:00|away:2026-08-26T18:37:54.950323+00:00,both_starters_sdv_found;missing_features=none,0.5163869952805453,0.4836130047194546,824845,110,133,2,Open,Grass,669211,622663,,R,0.298,0.318,14.9,24.0,7.9,11.4,5.8,8.7,19.3,23.0,ok,ok,9,9,1,1,0.326,7.822222222222223,42.20000000000001,23.366666666666664,10.477777777777778,89.73333333333333,-13.751954873678804,-2.5978888156150663,-4.264105585480968,0,3,4,2,0.3231111111111111,9.511111111111113,41.62222222222223,21.73333333333333,9.377777777777776,89.38888888888889,-22.854904076379785,-0.753960340279478,-4.756734968880138,0,5,4,0,102.5,103.5,102.5,110.0,105.0,103,104,102,110,106,1,2026-05-10 13:00,84.5,5.4,WSW,0.0,29,0,0,,,,1,1,0.5135633094240032,0.4864366905759968,0.4864366905759968,0.5135633094240032,0.0,1.9471796011314928,2.055765980185182,0.5135633094240032,0.4864366905759968,0.5391705069124424,0.5049504950495051,-0.0256071974884392,-0.0185138044735082,0.5135633094240032,0.5135633094240032,over_model_prob_total_win,over_model_prob_total_win,0.4864366905759968,0.4864366905759968,under_model_prob_total_win,under_model_prob_total_win,-0.04749369106830176,-0.03666459317302612,-0.05556761854991305,-0.03739788503648665,0.0,0.0
2026-08-28T17:14:03.612467+00:00,4d2a59061aec314f7265432aacbe8df1,baseball,mlb,2026_05_10,13:41:00,Cleveland Guardians,Minnesota Twins,1.5,-1.5,7.5,-109,-109,1.9174311926605505,1.9174311926605505,Gavin Williams,Andrew Morris,0.623,0.377,4.29,3.0,7.29,5.07445797019256,3.903570600979645,8.978028571172205,home:2026-08-26T18:37:34.270011+00:00|away:2026-08-26T18:37:54.950323+00:00,both_starters_sdv_found;missing_features=none,0.5,0.5,824440,114,142,5,Open,Grass,668909,702193,R,R,0.305,0.27,31.8,22.1,7.5,8.8,11.7,3.5,31.2,21.8,ok,ok,9,9,1,1,0.3112222222222222,6.022222222222222,35.18888888888889,20.244444444444447,9.355555555555556,88.22222222222223,27.542208487537035,1.3265010163644024,4.135025629561868,0,4,0,4,0.322,8.666666666666664,38.36666666666667,19.766666666666666,9.488888888888887,88.77777777777777,-14.658187466156242,2.271138810050501,0.6413207274388787,0,2,5,2,98.9412,100.4118,99.3529,94.0,97.8824,99,100,99,94,98,1,2026-05-10 13:00,58.1,7.8,NNW,0.0,37,0,0,,,,1,1,0.673523552940394,0.3264764470596059,0.3264764470596059,0.673523552940394,0.0,1.484729072404835,3.0630080944780267,0.6735235529403941,0.3264764470596059,0.5215311004784688,0.5215311004784688,0.1519924524619252,-0.1950546534188629,0.673523552940394,0.673523552940394,over_model_prob_total_win,over_model_prob_total_win,0.3264764470596059,0.3264764470596059,under_model_prob_total_win,under_model_prob_total_win,0.2914350693994713,-0.3740038767389207,0.31766422564542374,-0.4076642256454236,0.31766422564542374,0.0
2026-08-28T17:14:03.612467+00:00,6dd9cd4491079d3cedf1f7d3ff85b358,baseball,mlb,2026_05_10,13:36:00,Philadelphia Phillies,Colorado Rockies,1.5,-1.5,8.5,-107,-112,1.9345794392523368,1.8928571428571428,Cristopher Sánchez,Tomoyuki Sugano,0.689,0.311,4.63,2.7,7.33,5.573588901446254,3.733658027182945,9.307246928629198,home:2026-08-26T18:37:34.270011+00:00|away:2026-08-26T18:37:54.950323+00:00,both_starters_sdv_found;missing_features=none,0.4945495770471788,0.5054504229528212,823463,143,115,2681,Open,Grass,650911,608372,L,R,0.284,0.395,27.8,13.9,5.6,5.4,7.2,13.5,32.8,18.2,ok,ok,9,9,1,1,0.324,7.844444444444445,42.96666666666667,22.666666666666664,9.077777777777778,90.02222222222223,-14.71024092598354,7.240317163835098,0.0333932403006856,0,5,4,0,0.2951111111111111,7.411111111111111,36.55555555555556,24.07777777777778,7.033333333333334,87.9888888888889,-14.792110253281628,1.4070082800444768,-0.4660908740753267,0,2,6,1,101.6667,104.5,98.0833,112.5,103.3333,102,104,98,115,104,1,2026-05-10 13:00,79.7,7.6,WSW,0.0,36,0,0,,,,1,1,0.584085507778741,0.415914492221259,0.415914492221259,0.584085507778741,0.0,1.7120780890506406,2.404340360104639,0.584085507778741,0.415914492221259,0.5169082125603864,0.5283018867924528,0.0671772952183545,-0.1123873945711938,0.584085507778741,0.584085507778741,over_model_prob_total_win,over_model_prob_total_win,0.415914492221259,0.415914492221259,under_model_prob_total_win,under_model_prob_total_win,0.12995981411401314,-0.2127332825811884,0.139057001101994,-0.238261276490931,0.139057001101994,0.0
2026-08-28T17:14:03.612467+00:00,73c2cde50707b32c9767a0a8fbb2e7d2,baseball,mlb,2026_05_10,13:36:00,Boston Red Sox,Tampa Bay Rays,1.5,-1.5,8.0,-119,-101,1.8403361344537816,1.99009900990099,Payton Tolle,Nick Martinez,0.484,0.516,3.81,3.97,7.78,3.816890770692516,4.37782804690269,8.194718817595206,home:2026-08-26T18:37:34.270011+00:00|away:2026-08-26T18:37:54.950323+00:00,both_starters_sdv_found;missing_features=none,0.5195490681610843,0.4804509318389157,824765,111,139,3,Open,Grass,801139,607259,,R,0.257,0.324,27.8,14.1,6.7,3.6,6.4,7.1,27.5,17.4,ok,ok,9,9,1,1,0.3027777777777777,7.133333333333334,37.922222222222224,20.81111111111112,7.577777777777777,88.04444444444444,18.441300254139705,-1.1834202582437856,,0,4,4,0,0.2975555555555556,4.577777777777778,33.46666666666667,17.72222222222222,7.477777777777776,87.51111111111112,-6.680671189571134,8.901359497935934,-0.8086243980985216,0,2,6,1,102.3824,102.8529,98.7647,86.7059,104.7647,102,102,99,86,104,1,2026-05-10 13:00,69.3,7.8,SW,0.0,62,0,0,,,,1,1,0.4346115856933406,0.4261270119076593,0.4261270119076593,0.4346115856933406,0.1392614023990003,1.9804778011793087,2.0199109034362737,0.5049286588340113,0.4950713411659888,0.5433789954337899,0.5024875621890548,-0.0384503365997785,-0.0074162210230659,0.4346115856933406,0.4346115856933406,over_model_prob_total_win,over_model_prob_total_win,0.4261270119076593,0.4261270119076593,under_model_prob_total_win,under_model_prob_total_win,-0.060907191997289,-0.01270365311149968,-0.08420623715351523,-0.014906604256362643,0.0,0.0
2026-08-28T17:14:03.612467+00:00,9bfd5fd962a5ede4a98e0c595c9db46f,baseball,mlb,2026_05_10,13:38:00,Toronto Blue Jays,Los Angeles Angels,-1.5,1.5,8.0,-117,-102,1.8547008547008548,1.9803921568627447,Eric Lauer,José Soriano,0.552,0.448,4.75,4.21,8.96,3.863487371361861,4.720456751246096,8.583944122607956,home:2026-08-26T18:37:34.270011+00:00|away:2026-08-26T18:37:54.950323+00:00,both_starters_sdv_found;missing_features=none,0.5163869952805453,0.4836130047194546,822819,141,108,14,Retractable,Artificial Turf,693686,667755,R,R,0.271,0.327,23.1,24.2,6.3,11.2,3.6,8.0,18.6,31.2,ok,ok,9,9,1,1,0.288,5.755555555555556,32.22222222222223,18.51111111111112,5.5777777777777775,87.15555555555557,15.87908888307167,-2.522555956962851,3.8961224916537134,0,3,5,1,0.2994444444444444,7.888888888888889,35.62222222222223,25.51111111111112,8.033333333333335,87.41111111111111,-10.73986912067248,-2.299035171083548,,2,1,7,0,100.2059,100.2647,99.0,101.2647,100.4118,100,100,99,101,100,1,2026-05-10 13:00,55.5,7.6,W,0.0,30,0,0,,,,1,1,0.4884079984677134,0.3748144054795696,0.3748144054795696,0.4884079984677134,0.1367775960527172,1.7674206946968067,2.3030662411248644,0.5657962493030249,0.4342037506969751,0.5391705069124424,0.5049504950495051,0.0266257423905824,-0.0707467443525299,0.4884079984677134,0.4884079984677134,over_model_prob_total_win,over_model_prob_total_win,0.3748144054795696,0.3748144054795696,under_model_prob_total_win,under_model_prob_total_win,0.042628328253518755,-0.12094289505637074,0.057777860987564,-0.14290842359211045,0.057777860987564,0.0
2026-08-28T17:14:03.612467+00:00,ab56a10bb0c4a672e1d846d67e7f703e,baseball,mlb,2026_05_10,16:11:00,Los Angeles Dodgers,Atlanta Braves,1.5,-1.5,8.5,-112,-107,1.8928571428571428,1.9345794392523368,Justin Wrobleski,Bryce Elder,0.636,0.364,4.99,3.57,8.56,4.382136843540752,5.002200647075114,9.384337490615868,home:2026-08-26T18:37:34.270011+00:00|away:2026-08-26T18:37:54.950323+00:00,both_starters_sdv_found;missing_features=none,0.5054504229528212,0.4945495770471788,823954,119,144,22,Open,Grass,680736,693821,L,R,0.331,0.31,19.4,19.5,5.4,7.9,9.4,6.5,20.0,21.6,ok,ok,9,9,1,1,0.3332222222222222,8.466666666666667,38.45555555555556,22.466666666666665,10.644444444444446,88.81111111111112,8.979292020874615,1.7917948746970194,-2.628455154048299,0,6,2,1,0.3021111111111111,8.533333333333335,40.333333333333336,24.1,6.277777777777778,88.94444444444444,20.110661806318635,-0.3725584705517359,1.926866689871608,1,3,4,1,100.6471,100.8235,102.1765,123.3529,101.2941,101,101,102,125,102,1,2026-05-10 16:00,83.5,8.9,SSW,0.0,28,0,0,,,,1,1,0.5938034888663135,0.4061965111336864,0.4061965111336864,0.5938034888663135,0.0,1.6840588153316425,2.461862602435997,0.5938034888663136,0.4061965111336864,0.5283018867924528,0.5169082125603864,0.0655016020738608,-0.1107117014267,0.5938034888663135,0.5938034888663135,over_model_prob_total_win,over_model_prob_total_win,0.4061965111336864,0.4061965111336864,under_model_prob_total_win,under_model_prob_total_win,0.12398517535409348,-0.21418058126473732,0.13886339639658474,-0.2291732219532689,0.13886339639658474,0.0
2026-08-28T17:14:03.612467+00:00,bdfc7e1e5ee8e2389bbdfb8f9521a582,baseball,mlb,2026_05_10,16:11:00,San Diego Padres,St Louis Cardinals,1.5,-1.5,8.5,-102,-117,1.9803921568627447,1.8547008547008548,Walker Buehler,Kyle Leahy,0.504,0.496,4.73,4.69,9.42,4.11817040336551,4.871801692255541,8.989972095621052,home:2026-08-26T18:37:34.270011+00:00|away:2026-08-26T18:37:54.950323+00:00,both_starters_sdv_found;missing_features=none,0.4836130047194546,0.5163869952805453,823305,135,138,2680,Open,Grass,621111,681517,R,R,0.318,0.344,20.1,21.1,9.5,7.0,8.1,10.2,20.4,22.2,ok,ok,9,9,1,1,0.3127777777777777,8.200000000000001,40.53333333333333,20.522222222222226,9.055555555555554,89.45555555555555,24.76167664596317,1.4253106097777508,,0,2,5,0,0.3147777777777777,7.966666666666665,40.766666666666666,22.71111111111111,8.366666666666667,89.17777777777776,27.47601577014371,5.215931698990163,3.197287497025823,0,4,5,0,97.25,97.125,101.5,106.75,94.5,97,97,101,105,94,1,2026-05-10 16:00,71.0,7.4,SW,0.0,59,0,0,,,,1,1,0.5430254285682505,0.4569745714317494,0.4569745714317494,0.5430254285682505,0.0,1.841534387508548,2.188305569972733,0.5430254285682505,0.4569745714317494,0.5049504950495051,0.5391705069124424,0.0380749335187454,-0.0821959354806929,0.5430254285682505,0.5430254285682505,over_model_prob_total_win,over_model_prob_total_win,0.4569745714317494,0.4569745714317494,under_model_prob_total_win,under_model_prob_total_win,0.075403299713594,-0.15244887178897748,0.0769113657078659,-0.17836517999310364,0.0769113657078659,0.0
2026-08-28T17:14:03.612467+00:00,d58ee5722b0d27c98714b46a090df16f,baseball,mlb,2026_05_10,14:11:00,Chicago White Sox,Seattle Mariners,-1.5,1.5,8.0,-112,-107,1.8928571428571428,1.9345794392523368,Davis Martin,Bryce Miller,0.426,0.574,3.62,4.39,8.01,3.682941058116187,3.500246297311518,7.183187355427705,home:2026-08-26T18:37:34.270011+00:00|away:2026-08-26T18:37:54.950323+00:00,both_starters_sdv_found;missing_features=none,0.5054504229528212,0.4945495770471788,824605,145,136,4,Open,Grass,663436,669302,R,R,0.333,0.297,20.9,26.6,7.4,5.8,6.8,10.2,24.0,30.1,ok,ok,9,9,1,1,0.3239999999999999,11.27777777777778,41.1888888888889,25.03333333333334,9.411111111111111,89.32222222222222,13.317739027951552,2.40242543746698,,0,4,3,0,0.3301111111111111,8.511111111111111,39.25555555555556,21.222222222222225,8.97777777777778,89.08888888888889,-22.75143964680499,0.3307196387515929,-0.8386780619850251,0,6,2,1,98.6562,97.3125,98.6562,97.875,97.3125,98,97,99,95,96,1,2026-05-10 14:00,61.8,8.5,NNW,0.0,32,0,0,,,,1,1,0.2950855476918681,0.5714399229638356,0.5714399229638356,0.2950855476918681,0.1334745293442964,2.936522908131509,1.516389450287923,0.3405388043222498,0.6594611956777502,0.5283018867924528,0.5169082125603864,-0.187763082470203,0.1425529831173637,0.2950855476918681,0.2950855476918681,over_model_prob_total_win,over_model_prob_total_win,0.5714399229638356,0.5714399229638356,under_model_prob_total_win,under_model_prob_total_win,-0.30797068395323907,0.2389704550780719,-0.3980577348368304,0.295084675052943,0.0,0.295084675052943
2026-08-28T17:14:03.612467+00:00,e254b4d802742c85bc156989d1b71346,baseball,mlb,2026_05_10,14:11:00,Milwaukee Brewers,New York Yankees,-1.5,1.5,8.0,-112,-107,1.8928571428571428,1.9345794392523368,Logan Henderson,Carlos Rodón,0.45,0.55,3.62,4.14,7.76,4.021909343143372,3.81695802245426,7.838867365597631,home:2026-08-26T18:37:34.270011+00:00|away:2026-08-26T18:37:54.950323+00:00,"away_starter_sdv_missing;missing_features=away_sp_pitch_quality_plus,away_sp_command_plus,away_sp_xera,away_sp_xera_30d,away_sp_xwoba,away_sp_xwoba_30d,away_sp_avg_velo,away_sp_avg_velo_30d,away_sp_velo_delta_30d,away_sp_pitches,away_sp_games,away_sp_pitches_30d,away_sp_games_30d",0.5054504229528212,0.4945495770471788,823793,158,147,32,Retractable,Grass,701656,607074,R,,0.256,0.296,31.3,26.8,5.0,13.4,8.6,5.2,28.1,28.8,ok,ok,9,9,1,1,0.3251111111111111,7.7555555555555555,40.95555555555556,20.56666666666667,11.122222222222224,89.53333333333335,12.501222118346142,-1.6323561302736311,-1.6323289087162076,0,2,4,2,0.3246666666666666,10.555555555555555,44.12222222222223,25.21111111111111,10.377777777777778,90.58888888888887,4.824682474025018,1.9603587003896137,-0.0036618100741416,0,6,2,0,98.5625,101.125,99.5625,100.9375,97.125,98,101,99,102,96,1,2026-05-10 14:00,60.3,11.9,NW,0.0,24,0,0,,,,1,1,0.3849729970499849,0.475669882160502,0.475669882160502,0.3849729970499849,0.1393571207895132,2.2355928488634778,1.809328089685708,0.4473086414229569,0.5526913585770431,0.5283018867924528,0.5169082125603864,-0.0809932453694959,0.0357831460166566,0.3849729970499849,0.3849729970499849,over_model_prob_total_win,over_model_prob_total_win,0.475669882160502,0.475669882160502,under_model_prob_total_win,under_model_prob_total_win,-0.13194399193730122,0.05957829468880216,-0.17170568018333138,0.07407111225447935,0.0,0.07407111225447935
2026-08-28T17:14:03.612467+00:00,f39e9272c26acb799cf16afa62e26316,baseball,mlb,2026_05_10,14:36:00,Texas Rangers,Chicago Cubs,1.5,-1.5,8.0,-107,-112,1.9345794392523368,1.8928571428571428,Jacob deGrom,Jameson Taillon,0.499,0.501,3.62,3.63,7.25,3.903087795630336,3.621085287168458,7.524173082798795,home:2026-08-26T18:37:34.270011+00:00|away:2026-08-26T18:37:54.950323+00:00,both_starters_sdv_found;missing_features=none,0.4945495770471788,0.5054504229528212,822902,140,112,5325,Retractable,Artificial Turf,594798,592791,R,R,0.297,0.363,29.5,20.7,6.2,8.8,8.8,14.6,33.4,26.8,ok,ok,9,9,1,1,0.3169999999999999,7.944444444444443,41.388888888888886,22.72222222222222,9.355555555555556,89.57777777777777,-3.629896525178405,0.6085714081427811,-4.250710206124291,0,4,3,0,0.3215555555555556,7.888888888888887,39.72222222222222,21.42222222222222,10.522222222222222,88.43333333333332,57.92629245500401,4.387751397606073,2.044190097281504,0,3,5,1,92.9375,92.875,98.8125,87.25,86.4062,93,93,99,87,86,1,2026-05-10 14:00,72.6,7.8,S,0.04,88,1,0,,,,1,1,0.3413551666522654,0.5211004551477938,0.5211004551477938,0.3413551666522654,0.1375443781999411,2.526563843337496,1.6550659537525267,0.3957944710706528,0.6042055289293472,0.5169082125603864,0.5283018867924528,-0.1211137414897336,0.0759036421368943,0.3413551666522654,0.3413551666522654,over_model_prob_total_win,over_model_prob_total_win,0.5211004551477938,0.5211004551477938,under_model_prob_total_win,under_model_prob_total_win,-0.20207693491203166,0.12391309687255048,-0.2507054448837485,0.16091572133021606,0.0,0.16091572133021606
