last_run,game_id,sport,league,game_date,game_time,home_team,away_team,away_run_line,home_run_line,total,away_dk_run_line_american,home_dk_run_line_american,away_dk_run_line_decimal,home_dk_run_line_decimal,home_pitcher,away_pitcher,dratings_home_prob,dratings_away_prob,dratings_home_projected_runs,dratings_away_projected_runs,dratings_total_projected_runs,model_home_runs,model_away_runs,model_total_runs,run_model_version,run_model_feature_status,gamePk,home_team_id,away_team_id,venue_id,roof_type,turf_type,home_pitcher_id,away_pitcher_id,home_pitcher_hand,away_pitcher_hand,home_sp_xwoba,away_sp_xwoba,home_sp_k_pct,away_sp_k_pct,home_sp_bb_pct,away_sp_bb_pct,home_sp_barrel_pct,away_sp_barrel_pct,home_sp_whiff_pct,away_sp_whiff_pct,home_sp_sample_flag,away_sp_sample_flag,home_batters_found,away_batters_found,home_sp_found,away_sp_found,home_lineup_xwoba,home_lineup_barrel_pct,home_lineup_hard_hit_pct,home_lineup_k_pct,home_lineup_bb_pct,home_lineup_exit_velo,home_lineup_frv,home_lineup_brv,home_catcher_framing,home_low_sample_count,home_n_left,home_n_right,home_n_switch,away_lineup_xwoba,away_lineup_barrel_pct,away_lineup_hard_hit_pct,away_lineup_k_pct,away_lineup_bb_pct,away_lineup_exit_velo,away_lineup_frv,away_lineup_brv,away_catcher_framing,away_low_sample_count,away_n_left,away_n_right,away_n_switch,park_factor,park_wOBAcon,park_xwOBAcon,park_HR,park_R,park_factor_B,park_wOBAcon_B,park_xwOBAcon_B,park_HR_B,park_R_B,weather_applicable,weather_time,temp_f,wind_mph,wind_dir,precip_in,humidity,will_it_rain,wind_blowing_out,air_pressure_at_sea_level,dew_point_f,symbol_code,sp_data_available,lineup_data_available,home_model_prob_run_line,away_model_prob_run_line,home_model_fair_decimal_run_line,away_model_fair_decimal_run_line,home_market_break_even_prob_run_line,away_market_break_even_prob_run_line,home_edge_prob_run_line,away_edge_prob_run_line,home_prob_for_ev,home_prob_for_kelly,home_ev_probability_source,home_kelly_probability_source,away_prob_for_ev,away_prob_for_kelly,away_ev_probability_source,away_kelly_probability_source,home_rl_ev,away_rl_ev,home_rl_kelly_raw,away_rl_kelly_raw,home_rl_kelly,away_rl_kelly
2026-08-30T13:55:03.726270+00:00,178bf0e15a0e6812cdf47d0523e51ac7,baseball,mlb,2026_05_26,21:46:00,San Francisco Giants,Arizona Diamondbacks,-1.5,1.5,8.0,150,-181,2.5,1.5524861878453038,Tyler Mahle,Eduardo Rodriguez,0.489,0.511,4.49,4.61,9.1,2.583087003566351,4.074595240420223,6.657682243986574,"walk_forward;target=2026-05-26;train_end=2026-05-25;rows=663;home_params={""l2_regularization"":0,""learning_rate"":0.05,""max_leaf_nodes"":7,""min_samples_leaf"":20};away_params={""l2_regularization"":1,""learning_rate"":0.03,""max_leaf_nodes"":7,""min_samples_leaf"":20}",both_starters_sdv_found;missing_features=none;projection_mode=walk_forward;training_end_date=2026-05-25;training_rows=663,823216,137,109,2395,Open,Grass,641816,593958,R,L,0.306,0.333,23.4,17.3,8.7,7.7,7.0,8.3,23.0,20.6,ok,ok,9,9,1,1,0.3058888888888889,10.077777777777778,41.11111111111112,25.38888888888889,7.1000000000000005,89.06666666666666,-13.314514560206977,-6.3761993575744045,,2,1,4,0,0.3196666666666666,7.388888888888889,36.86666666666667,19.41111111111111,9.155555555555557,88.03333333333332,28.74362687303969,6.860828366897051,0.2567910867090111,0,2,2,3,97.0,96.0,96.75,77.75,94.0,97.0,96.0,97.0,77.0,94.0,1,2026-05-26 21:00,54.3,17.7,WNW,0.0,82.1,0.0,0.0,29.81,49.3,clearsky_night,1,1,0.5077129993099365,0.4922870006900635,1.969616695572421,2.031335376717747,0.6441281138790036,0.4,-0.136415114569067,0.0922870006900634,0.5077129993099365,0.5077129993099365,home_model_prob_run_line,home_model_prob_run_line,0.4922870006900635,0.4922870006900635,away_model_prob_run_line,away_model_prob_run_line,-0.21178258118181126,0.2307175017251586,-0.38332647193907854,0.15381166781677247,0.0,0.15381166781677247
2026-08-30T13:55:03.726270+00:00,2a617b3c38b4cfff06d9866d761bb481,baseball,mlb,2026_05_26,18:41:00,Pittsburgh Pirates,Chicago Cubs,1.5,-1.5,8.0,-196,162,1.510204081632653,2.62,Braxton Ashcraft,Jordan Wicks,0.553,0.447,4.39,3.84,8.23,3.6266015728256087,3.566800175704921,7.19340174853053,"walk_forward;target=2026-05-26;train_end=2026-05-25;rows=663;home_params={""l2_regularization"":0,""learning_rate"":0.05,""max_leaf_nodes"":7,""min_samples_leaf"":20};away_params={""l2_regularization"":1,""learning_rate"":0.03,""max_leaf_nodes"":7,""min_samples_leaf"":20}","away_starter_sdv_missing;missing_features=away_sp_pitch_quality_plus,away_sp_command_plus,away_sp_xera,away_sp_xera_30d,away_sp_xwoba,away_sp_xwoba_30d,away_sp_avg_velo,away_sp_avg_velo_30d,away_sp_velo_delta_30d,away_sp_pitches,away_sp_games,away_sp_pitches_30d,away_sp_games_30d;projection_mode=walk_forward;training_end_date=2026-05-25;training_rows=663",823379,134,112,31,Open,Grass,677952,696136,R,,0.284,0.322,27.0,16.0,5.7,4.0,6.6,7.7,26.2,23.9,ok,low,9,9,1,1,0.3234444444444444,10.655555555555557,42.33333333333334,25.74444444444444,10.233333333333334,89.94444444444444,-10.961145071266335,5.291780718479016,0.0888480092026308,0,3,4,1,0.3231111111111111,7.855555555555554,39.888888888888886,21.12222222222222,10.855555555555554,88.60000000000001,61.66507078420365,5.688582360828492,2.044190097281504,0,3,5,1,100.4706,100.4706,101.2353,81.2941,100.9412,101.0,100.0,101.0,83.0,102.0,1,2026-05-26 18:00,73.0,4.3,SSW,0.0,81.2,0.0,0.0,30.01,67.3,cloudy,1,1,0.2912255164170021,0.7087744835829979,3.433765050202925,1.4108860055807857,0.381679389312977,0.6621621621621622,-0.0904538728959749,0.0466123214208357,0.2912255164170021,0.2912255164170021,home_model_prob_run_line,home_model_prob_run_line,0.7087744835829979,0.7087744835829979,away_model_prob_run_line,away_model_prob_run_line,-0.23698914698745444,0.07039411806411922,-0.14628959690583607,0.1379724714056736,0.0,0.1379724714056736
2026-08-30T13:55:03.726270+00:00,3612f76561632387afb3c6779ef370b1,baseball,mlb,2026_05_26,18:36:00,Baltimore Orioles,Tampa Bay Rays,-1.5,1.5,8.5,143,-172,2.43,1.5813953488372094,Unknown,Unknown,0.464,0.536,3.94,4.32,8.26,3.585838868584704,3.9324473365249273,7.518286205109631,"walk_forward;target=2026-05-26;train_end=2026-05-25;rows=663;home_params={""l2_regularization"":0,""learning_rate"":0.05,""max_leaf_nodes"":7,""min_samples_leaf"":20};away_params={""l2_regularization"":1,""learning_rate"":0.03,""max_leaf_nodes"":7,""min_samples_leaf"":20}",both_starters_sdv_found;missing_features=none;projection_mode=walk_forward;training_end_date=2026-05-25;training_rows=663,824837,110,139,2,Open,Grass,669358,643377,R,R,0.316,0.323,20.4,26.4,7.9,7.9,6.6,9.3,22.1,31.2,ok,ok,9,8,1,1,0.3285555555555555,8.666666666666666,42.06666666666667,23.75555555555556,10.022222222222222,89.85555555555555,-6.706459441072002,-2.735582248564853,-4.264105585480968,0,3,4,1,0.318375,7.4125,37.10000000000001,18.925,9.2375,89.05000000000001,6.036814190127759,2.321703775415516,3.3283475824574835,0,5,2,0,102.5667,103.5667,102.3,111.3333,105.1333,103.0,104.0,102.0,110.0,106.0,1,2026-05-26 18:00,73.8,4.5,SSE,0.0,76.4,0.0,0.0,30.05,65.8,cloudy,1,0,0.667382328572772,0.332617671427228,1.4983914874380122,3.006454815551752,0.6323529411764706,0.4115226337448559,0.0350293873963014,-0.0789049623176279,0.667382328572772,0.667382328572772,home_model_prob_run_line,home_model_prob_run_line,0.332617671427228,0.332617671427228,away_model_prob_run_line,away_model_prob_run_line,0.05539531030112799,-0.19173905843183592,0.09527993371794002,-0.13408325764464052,0.09527993371794002,0.0
2026-08-30T13:55:03.726270+00:00,42ec808f3f2b51bde3830094a2d31f59,baseball,mlb,2026_05_26,19:11:00,New York Mets,Cincinnati Reds,-1.5,1.5,7.5,141,-172,2.41,1.5813953488372094,UNDECIDED UNDECIDED,Chase Burns,0.513,0.487,4.05,3.91,7.96,3.904338938339956,4.239393665307799,8.143732603647754,"walk_forward;target=2026-05-26;train_end=2026-05-25;rows=663;home_params={""l2_regularization"":0,""learning_rate"":0.05,""max_leaf_nodes"":7,""min_samples_leaf"":20};away_params={""l2_regularization"":1,""learning_rate"":0.03,""max_leaf_nodes"":7,""min_samples_leaf"":20}",both_starters_sdv_found;missing_features=none;projection_mode=walk_forward;training_end_date=2026-05-25;training_rows=663,823624,121,113,3289,Open,Grass,656849,695505,L,R,0.34,0.272,18.7,28.7,9.3,8.7,6.4,7.5,21.4,31.6,ok,ok,9,9,1,1,0.3236666666666666,8.488888888888887,43.577777777777776,22.433333333333334,9.255555555555553,90.01111111111112,8.858883874621188,0.878173427875943,5.177418053452004,0,5,3,0,0.3262222222222222,10.17777777777778,39.44444444444444,25.41111111111111,10.377777777777776,89.86666666666667,-6.039473661250537,1.890783936123916,-8.712701166412673,0,0,6,1,98.3667,98.3667,100.9,101.6,96.7333,99.0,98.0,101.0,100.0,98.0,1,2026-05-26 19:00,70.7,6.7,S,0.0,64.2,0.0,0.0,30.02,58.1,partlycloudy_day,1,1,0.6623626307926453,0.3376373692073546,1.5097470079242032,2.961757468812245,0.6323529411764706,0.4149377593360995,0.0300096896161747,-0.0773003901287449,0.6623626307926453,0.6623626307926453,home_model_prob_run_line,home_model_prob_run_line,0.3376373692073546,0.3376373692073546,away_model_prob_run_line,away_model_prob_run_line,0.04745718357906714,-0.18629394021027534,0.08162635575599546,-0.13212336185125906,0.08162635575599546,0.0
2026-08-30T13:55:03.726270+00:00,57c63aa916ea5b39518da155c32b24ee,baseball,mlb,2026_05_26,19:41:00,Chicago White Sox,Minnesota Twins,-1.5,1.5,7.5,141,-172,2.41,1.5813953488372094,Sean Burke,Joe Ryan,0.46,0.54,3.71,4.12,7.83,3.2988765609910304,3.509125405309732,6.808001966300763,"walk_forward;target=2026-05-26;train_end=2026-05-25;rows=663;home_params={""l2_regularization"":0,""learning_rate"":0.05,""max_leaf_nodes"":7,""min_samples_leaf"":20};away_params={""l2_regularization"":1,""learning_rate"":0.03,""max_leaf_nodes"":7,""min_samples_leaf"":20}",both_starters_sdv_found;missing_features=none;projection_mode=walk_forward;training_end_date=2026-05-25;training_rows=663,824597,145,142,4,Open,Grass,680732,657746,R,R,0.294,0.29,27.0,26.4,7.4,5.2,7.7,10.5,25.8,25.5,ok,ok,9,9,1,1,0.3116666666666666,8.777777777777779,36.644444444444446,22.888888888888893,8.788888888888888,88.54444444444444,13.98519326162837,0.6692127657845954,,1,5,2,0,0.3,7.277777777777778,37.13333333333333,23.200000000000003,8.3,88.24444444444444,-10.673028375438358,2.667192829516927,3.028620745071053,0,4,3,2,98.625,97.25,98.625,97.5,97.25,98.0,97.0,99.0,95.0,96.0,1,2026-05-26 19:00,73.6,10.3,ESE,0.0,53.2,0.0,0.0,29.95,55.4,partlycloudy_day,1,1,0.6943415728933351,0.3056584271066649,1.440213346052405,3.2716258127279847,0.6323529411764706,0.4149377593360995,0.0619886317168645,-0.1092793322294346,0.6943415728933351,0.6943415728933351,home_model_prob_run_line,home_model_prob_run_line,0.3056584271066649,0.3056584271066649,away_model_prob_run_line,away_model_prob_run_line,0.09802853387783239,-0.26336319067293756,0.16860907826987157,-0.1867824047325798,0.16860907826987157,0.0
2026-08-30T13:55:03.726270+00:00,6c64b931bb7cda75b570159a5a4ed328,baseball,mlb,2026_05_26,18:41:00,Detroit Tigers,Los Angeles Angels,1.5,-1.5,8.5,-188,152,1.5319148936170213,2.52,Keider Montero,Jack Kochanowicz,0.643,0.357,5.37,3.88,9.25,4.156693838129506,4.595348218866032,8.752042056995538,"walk_forward;target=2026-05-26;train_end=2026-05-25;rows=663;home_params={""l2_regularization"":0,""learning_rate"":0.05,""max_leaf_nodes"":7,""min_samples_leaf"":20};away_params={""l2_regularization"":1,""learning_rate"":0.03,""max_leaf_nodes"":7,""min_samples_leaf"":20}",both_starters_sdv_found;missing_features=none;projection_mode=walk_forward;training_end_date=2026-05-25;training_rows=663,824275,116,108,2394,Open,Grass,672456,686799,R,R,0.29,0.358,16.7,15.9,5.6,12.2,7.4,7.4,18.6,23.6,ok,ok,9,9,1,1,0.321111111111111,9.72222222222222,38.86666666666667,22.433333333333334,8.333333333333334,88.94444444444446,-0.4906593497440923,4.828516652790171,6.594804306504809,1,4,3,1,0.3078888888888889,8.844444444444443,38.900000000000006,25.06666666666667,8.577777777777776,88.28888888888889,-33.996300379432306,-3.860328954025908,-10.66767776002306,0,0,7,0,100.7,99.6,97.6,103.6,101.4,101.0,100.0,98.0,102.0,102.0,1,2026-05-26 18:00,77.4,6.0,SW,0.0,40.2,0.0,0.0,29.99,51.1,partlycloudy_day,1,1,0.2528791818396358,0.7471208181603641,3.954457590084079,1.3384716041808344,0.3968253968253968,0.6527777777777778,-0.143946214985761,0.0943430403825863,0.2528791818396358,0.2528791818396358,home_model_prob_run_line,home_model_prob_run_line,0.7471208181603641,0.7471208181603641,away_model_prob_run_line,away_model_prob_run_line,-0.3627444617641178,0.14452550867119607,-0.23864767221323532,0.27170795630184874,0.0,0.27170795630184874
2026-08-30T13:55:03.726270+00:00,82e37a8a126f9724f8872ec1669446da,baseball,mlb,2026_05_26,21:41:00,San Diego Padres,Philadelphia Phillies,-1.5,1.5,8.0,166,-204,2.66,1.4901960784313726,Randy Vásquez,Aaron Nola,0.588,0.412,4.8,3.88,8.68,3.331539686511069,3.9138767080118058,7.245416394522875,"walk_forward;target=2026-05-26;train_end=2026-05-25;rows=663;home_params={""l2_regularization"":0,""learning_rate"":0.05,""max_leaf_nodes"":7,""min_samples_leaf"":20};away_params={""l2_regularization"":1,""learning_rate"":0.03,""max_leaf_nodes"":7,""min_samples_leaf"":20}",both_starters_sdv_found;missing_features=none;projection_mode=walk_forward;training_end_date=2026-05-25;training_rows=663,823294,135,143,2680,Open,Grass,681190,605400,R,R,0.365,0.318,15.0,24.3,6.8,8.1,10.6,9.7,19.3,27.7,ok,ok,9,9,1,1,0.3196666666666666,8.8,42.14444444444444,21.366666666666664,8.722222222222221,89.57777777777778,27.687455047732897,-1.5893392240335151,1.8554526996078,0,2,7,0,0.3277777777777778,7.566666666666666,42.13333333333333,21.4,8.555555555555557,89.52222222222223,-18.548523103328485,6.965385200775004,0.0333932403006856,0,5,4,0,97.2222,97.0556,101.4444,106.4444,94.4444,97.0,97.0,101.0,105.0,94.0,1,2026-05-26 21:00,62.1,10.7,WNW,0.01,67.9,1.0,0.0,29.85,51.4,lightrain,1,1,0.6382762141676495,0.3617237858323505,1.5667198272523128,2.764540345885558,0.6710526315789473,0.3759398496240601,-0.0327764174112978,-0.0142160637917096,0.6382762141676495,0.6382762141676495,home_model_prob_run_line,home_model_prob_run_line,0.3617237858323505,0.3617237858323505,away_model_prob_run_line,away_model_prob_run_line,-0.04884328869134591,-0.03781472968594768,-0.09964030893034564,-0.022779957642137087,0.0,0.0
2026-08-30T13:55:03.726270+00:00,990789f1b2f666667f7dad0fe7d8b8b8,baseball,mlb,2026_05_26,18:46:00,Boston Red Sox,Atlanta Braves,-1.5,1.5,8.0,144,-175,2.44,1.5714285714285714,Ranger Suarez,Spencer Strider,0.515,0.485,4.26,4.11,8.37,4.133364785935168,3.974363292020398,8.107728077955565,"walk_forward;target=2026-05-26;train_end=2026-05-25;rows=663;home_params={""l2_regularization"":0,""learning_rate"":0.05,""max_leaf_nodes"":7,""min_samples_leaf"":20};away_params={""l2_regularization"":1,""learning_rate"":0.03,""max_leaf_nodes"":7,""min_samples_leaf"":20}",both_starters_sdv_found;missing_features=none;projection_mode=walk_forward;training_end_date=2026-05-25;training_rows=663,824758,111,144,3,Open,Grass,624133,675911,L,,0.294,0.29,24.7,27.9,7.0,12.1,4.7,11.2,23.2,30.7,ok,ok,9,9,1,1,0.3123333333333333,7.133333333333332,35.988888888888894,19.155555555555555,8.833333333333332,87.45555555555556,22.92618462934269,-1.0068740033740982,,0,4,3,0,0.2857777777777778,7.7777777777777795,35.55555555555556,24.077777777777776,7.0888888888888895,87.9888888888889,12.8865169998835,-1.599008033068113,,1,2,4,1,102.4643,102.6071,98.9286,86.2143,104.9286,102.0,102.0,99.0,86.0,104.0,1,2026-05-26 18:00,77.9,11.0,WSW,0.0,52.1,0.0,0.0,29.94,59.0,partlycloudy_day,1,1,0.72359343695117,0.27640656304883,1.3819915285764024,3.617859102076892,0.6363636363636364,0.4098360655737705,0.0872298005875336,-0.1334295025249405,0.72359343695117,0.72359343695117,home_model_prob_run_line,home_model_prob_run_line,0.27640656304883,0.27640656304883,away_model_prob_run_line,away_model_prob_run_line,0.1370754009232671,-0.3255679861608548,0.23988195161571732,-0.22608887927837149,0.23988195161571732,0.0
2026-08-30T13:55:03.726270+00:00,99d8354792f828bd962e089d4ab8c5bf,baseball,mlb,2026_05_26,19:41:00,Milwaukee Brewers,St Louis Cardinals,1.5,-1.5,8.0,-147,123,1.6802721088435373,2.23,Kyle Harrison,Michael McGreevy,0.598,0.402,4.14,3.11,7.25,3.202595695550057,3.653196664642895,6.855792360192952,"walk_forward;target=2026-05-26;train_end=2026-05-25;rows=663;home_params={""l2_regularization"":0,""learning_rate"":0.05,""max_leaf_nodes"":7,""min_samples_leaf"":20};away_params={""l2_regularization"":1,""learning_rate"":0.03,""max_leaf_nodes"":7,""min_samples_leaf"":20}",both_starters_sdv_found;missing_features=none;projection_mode=walk_forward;training_end_date=2026-05-25;training_rows=663,823785,158,138,32,Retractable,Grass,690986,700241,L,R,0.281,0.355,29.7,16.9,6.3,6.3,7.0,10.2,29.0,19.2,ok,ok,9,9,1,1,0.3207777777777778,8.422222222222222,41.08888888888888,21.600000000000005,10.455555555555556,89.6111111111111,-3.224234983797221,7.058668848651865,-4.026761509570291,0,6,1,1,0.3163333333333333,5.666666666666666,36.5,18.23333333333333,8.422222222222222,88.78888888888889,23.24024588763312,6.542614054623819,-1.1909965892510204,1,3,5,0,95.625,98.8125,96.8125,101.7188,91.25,96.0,99.0,97.0,105.0,92.0,1,2026-05-26 19:00,83.5,11.9,SSW,0.0,33.7,0.0,0.0,29.93,51.8,partlycloudy_day,1,1,0.2236821225168146,0.7763178774831854,4.470629966973905,1.2881321286094682,0.4484304932735426,0.5951417004048584,-0.224748370756728,0.181176177078327,0.2236821225168146,0.2236821225168146,home_model_prob_run_line,home_model_prob_run_line,0.7763178774831854,0.7763178774831854,away_model_prob_run_line,away_model_prob_run_line,-0.5011888667875035,0.3044252771316107,-0.4074706234044743,0.44750515738346786,0.0,0.44750515738346786
2026-08-30T13:55:03.726270+00:00,a688baa4f466d96e091e81af30a03a59,baseball,mlb,2026_05_26,21:41:00,Athletics,Seattle Mariners,-1.5,1.5,9.5,135,-163,2.35,1.6134969325153374,Luis Severino,Emerson Hancock,0.495,0.505,4.64,4.69,9.33,3.204113240127776,5.024196732184931,8.228309972312708,"walk_forward;target=2026-05-26;train_end=2026-05-25;rows=663;home_params={""l2_regularization"":0,""learning_rate"":0.05,""max_leaf_nodes"":7,""min_samples_leaf"":20};away_params={""l2_regularization"":1,""learning_rate"":0.03,""max_leaf_nodes"":7,""min_samples_leaf"":20}","home_starter_sdv_missing;missing_features=home_sp_pitch_quality_plus,home_sp_command_plus,home_sp_xera,home_sp_xera_30d,home_sp_xwoba,home_sp_xwoba_30d,home_sp_avg_velo,home_sp_avg_velo_30d,home_sp_velo_delta_30d,home_sp_pitches,home_sp_games,home_sp_pitches_30d,home_sp_games_30d;projection_mode=walk_forward;training_end_date=2026-05-25;training_rows=663",825004,133,136,2529,Open,Grass,695611,676106,,R,0.318,0.308,25.1,23.1,10.9,6.2,5.6,8.4,25.3,23.7,ok,ok,9,9,1,1,0.3212222222222223,9.344444444444443,41.388888888888886,22.4,10.044444444444444,89.43333333333334,-29.000948794330043,-1.39414046401455,-4.756734968880138,0,5,4,0,0.3057777777777778,6.355555555555556,36.82222222222222,22.62222222222222,8.533333333333335,88.12222222222222,-20.19031422248538,2.0591716432968434,-3.7041970499107615,0,3,5,0,,,,,,,,,,,1,2026-05-26 21:00,62.1,11.0,ENE,0.0,58.3,1.0,,29.76,47.1,lightrainshowers_night,1,1,0.460105677923137,0.5398943220768629,2.17341373510947,1.8522143299325773,0.6197718631178707,0.425531914893617,-0.1596661851947337,0.1143624071832459,0.460105677923137,0.460105677923137,home_model_prob_run_line,home_model_prob_run_line,0.5398943220768629,0.5398943220768629,away_model_prob_run_line,away_model_prob_run_line,-0.25762090003812865,0.26875165688062785,-0.4199220670621498,0.19907530139305774,0.0,0.19907530139305774
2026-08-30T13:55:03.726270+00:00,acd23c21d644ac44611a206f197cdd6b,baseball,mlb,2026_05_26,22:11:00,Los Angeles Dodgers,Colorado Rockies,1.5,-1.5,9.0,-107,-111,1.9345794392523368,1.900900900900901,Eric Lauer,Kyle Freeland,0.757,0.243,5.91,3.21,9.12,3.98105278801493,3.49566374845653,7.476716536471461,"walk_forward;target=2026-05-26;train_end=2026-05-25;rows=663;home_params={""l2_regularization"":0,""learning_rate"":0.05,""max_leaf_nodes"":7,""min_samples_leaf"":20};away_params={""l2_regularization"":1,""learning_rate"":0.03,""max_leaf_nodes"":7,""min_samples_leaf"":20}",both_starters_sdv_found;missing_features=none;projection_mode=walk_forward;training_end_date=2026-05-25;training_rows=663,823949,119,115,22,Open,Grass,641778,607536,L,L,0.333,0.349,15.1,18.3,7.5,5.0,10.7,10.6,19.1,22.6,ok,ok,9,9,1,1,0.3378888888888889,9.38888888888889,41.05555555555556,18.933333333333334,8.966666666666669,89.55555555555556,10.892390503784233,-4.961332796243674,-1.225939104576377,1,3,5,0,0.2905555555555555,6.933333333333334,35.22222222222222,25.55555555555556,8.355555555555556,87.32222222222224,-12.853781158476169,1.402861741666506,-1.1785662629628506,2,2,5,1,101.625,101.3125,101.6875,126.5312,103.25,101.0,101.0,102.0,125.0,102.0,1,2026-05-26 22:00,58.5,5.4,S,0.0,71.4,0.0,0.0,29.82,49.3,partlycloudy_night,1,1,0.3507454319229282,0.6492545680770718,2.8510706312484126,1.540227900069687,0.5260663507109005,0.5169082125603864,-0.1753209187879723,0.1323463555166854,0.3507454319229282,0.3507454319229282,home_model_prob_run_line,home_model_prob_run_line,0.6492545680770718,0.6492545680770718,away_model_prob_run_line,away_model_prob_run_line,-0.3332676924708302,0.25603453824255973,-0.36992713864262144,0.27395695591953884,0.0,0.27395695591953884
2026-08-30T13:55:03.726270+00:00,b50993453829a9cf93015ffb4cce5262,baseball,mlb,2026_05_26,19:08:00,Toronto Blue Jays,Miami Marlins,1.5,-1.5,8.0,-185,152,1.5405405405405406,2.52,Braydon Fisher,Sandy Alcantara,0.555,0.445,4.75,4.18,8.93,4.701240968102551,4.066327468781096,8.767568436883646,"walk_forward;target=2026-05-26;train_end=2026-05-25;rows=663;home_params={""l2_regularization"":0,""learning_rate"":0.05,""max_leaf_nodes"":7,""min_samples_leaf"":20};away_params={""l2_regularization"":1,""learning_rate"":0.03,""max_leaf_nodes"":7,""min_samples_leaf"":20}",both_starters_sdv_found;missing_features=none;projection_mode=walk_forward;training_end_date=2026-05-25;training_rows=663,822811,141,146,14,Retractable,Artificial Turf,680755,645261,R,R,0.314,0.295,22.3,18.5,13.3,6.6,10.5,5.4,26.5,21.6,ok,ok,9,9,1,1,0.2931111111111111,7.0555555555555545,36.64444444444444,21.51111111111112,6.233333333333333,88.26666666666668,8.90226591984424,-3.19245241975796,7.862368507172219,0,3,4,1,0.3122222222222222,6.711111111111111,38.2,19.88888888888889,9.111111111111107,88.25555555555556,25.93241884448261,-0.2503559162113314,-0.1195439985066424,0,2,4,1,102.0,100.6,101.6,111.2,104.0,102.0,100.0,101.0,111.0,104.0,1,2026-05-26 19:00,72.7,15.0,SW,0.0,65.9,0.0,0.0,29.92,60.8,partlycloudy_day,1,1,0.3813567096044835,0.6186432903955165,2.6222168767848086,1.6164403874172324,0.3968253968253968,0.6491228070175439,-0.0154686872209133,-0.0304795166220274,0.3813567096044835,0.3813567096044835,home_model_prob_run_line,home_model_prob_run_line,0.6186432903955165,0.6186432903955165,away_model_prob_run_line,away_model_prob_run_line,-0.03898109179670162,-0.046954931012312406,-0.02564545512940903,-0.08686662237277805,0.0,0.0
2026-08-30T13:55:03.726270+00:00,ba00397c03fc2b6ae2ee60c76dbab901,baseball,mlb,2026_05_26,19:41:00,Kansas City Royals,New York Yankees,-1.5,1.5,9.0,-125,104,1.8,2.04,Bailey Falter,Cam Schlittler,0.342,0.658,2.72,4.36,7.08,3.028741252331276,3.998026300342741,7.026767552674017,"walk_forward;target=2026-05-26;train_end=2026-05-25;rows=663;home_params={""l2_regularization"":0,""learning_rate"":0.05,""max_leaf_nodes"":7,""min_samples_leaf"":20};away_params={""l2_regularization"":1,""learning_rate"":0.03,""max_leaf_nodes"":7,""min_samples_leaf"":20}",both_starters_sdv_found;missing_features=none;projection_mode=walk_forward;training_end_date=2026-05-25;training_rows=663,824106,118,147,7,Open,Grass,663559,693645,L,R,0.415,0.266,10.5,31.4,10.5,5.6,6.7,8.1,20.0,28.8,low,ok,9,9,1,1,0.3152222222222222,7.844444444444444,41.75555555555556,20.822222222222216,8.488888888888889,89.94444444444446,5.654794743605184,7.386352620681795,2.987852294848169,0,4,5,0,0.3288888888888889,10.47777777777778,42.8111111111111,24.03333333333333,10.944444444444445,90.05555555555556,9.803182868233051,0.2558776195505697,5.50691516148185,0,5,3,0,101.0,98.5294,101.4118,85.5294,102.0,101.0,99.0,101.0,86.0,102.0,1,2026-05-26 19:00,84.0,9.6,ESE,0.0,32.8,0.0,0.0,29.86,51.6,partlycloudy_day,1,1,0.5848472226978099,0.4151527773021901,1.7098482495773075,2.4087518009595272,0.4901960784313725,0.5555555555555556,0.0946511442664373,-0.1404027782533655,0.5848472226978099,0.5848472226978099,home_model_prob_run_line,home_model_prob_run_line,0.4151527773021901,0.4151527773021901,away_model_prob_run_line,away_model_prob_run_line,0.19308833430353212,-0.25272500085605787,0.1856618599072424,-0.3159062510700722,0.1856618599072424,0.0
2026-08-30T13:55:03.726270+00:00,d8d4e1b2c44eb56c7b6ab81de4f6b385,baseball,mlb,2026_05_26,20:06:00,Texas Rangers,Houston Astros,1.5,-1.5,8.0,-185,152,1.5405405405405406,2.52,Jack Leiter,Jason Alexander,0.557,0.443,4.66,4.07,8.73,3.435212411416014,3.877035271956492,7.312247683372506,"walk_forward;target=2026-05-26;train_end=2026-05-25;rows=663;home_params={""l2_regularization"":0,""learning_rate"":0.05,""max_leaf_nodes"":7,""min_samples_leaf"":20};away_params={""l2_regularization"":1,""learning_rate"":0.03,""max_leaf_nodes"":7,""min_samples_leaf"":20}",both_starters_sdv_found;missing_features=none;projection_mode=walk_forward;training_end_date=2026-05-25;training_rows=663,822898,140,117,5325,Retractable,Artificial Turf,683004,669920,R,,0.336,0.332,23.4,16.7,9.9,9.5,10.3,10.0,25.4,20.3,ok,ok,9,8,1,1,0.3176666666666666,7.733333333333332,41.91111111111111,22.544444444444448,8.933333333333334,89.45555555555555,-1.3389262490876033,0.9387898119030752,-1.6026972176595793,0,3,4,0,0.3265,9.6625,39.9375,22.3375,8.25,89.12499999999999,4.004145404265108,-1.2280376806077078,,0,2,5,0,94.0714,94.0,98.0714,96.8571,88.1429,94.0,94.0,98.0,97.0,88.0,1,2026-05-26 20:00,78.6,7.2,E,0.0,70.3,0.0,,29.79,68.2,cloudy,1,0,0.232235652397784,0.767764347602216,4.305971067212168,1.302482985987918,0.3968253968253968,0.6491228070175439,-0.1645897444276128,0.1186415405846721,0.232235652397784,0.232235652397784,home_model_prob_run_line,home_model_prob_run_line,0.767764347602216,0.767764347602216,away_model_prob_run_line,away_model_prob_run_line,-0.41476615595758437,0.18277210306287328,-0.27287247102472656,0.33812839066631567,0.0,0.33812839066631567
2026-08-30T13:55:03.726270+00:00,e3e38b1f0ba0517d7e95030e6f0b6a8d,baseball,mlb,2026_05_26,18:11:00,Cleveland Guardians,Washington Nationals,1.5,-1.5,7.5,-188,154,1.5319148936170213,2.54,Joey Cantillo,Cade Cavalli,0.639,0.361,4.73,3.27,8.0,3.495735785839312,3.5546034066442043,7.050339192483516,"walk_forward;target=2026-05-26;train_end=2026-05-25;rows=663;home_params={""l2_regularization"":0,""learning_rate"":0.05,""max_leaf_nodes"":7,""min_samples_leaf"":20};away_params={""l2_regularization"":1,""learning_rate"":0.03,""max_leaf_nodes"":7,""min_samples_leaf"":20}",both_starters_sdv_found;missing_features=none;projection_mode=walk_forward;training_end_date=2026-05-25;training_rows=663,824434,114,120,5,Open,Grass,676282,676917,L,R,0.304,0.307,25.6,26.1,10.9,7.1,8.2,7.3,30.7,25.7,ok,ok,9,9,1,1,0.3112222222222222,6.022222222222222,35.18888888888889,20.244444444444444,9.355555555555554,88.22222222222223,27.542208487537035,1.3265010163644015,4.135025629561868,0,4,0,4,0.3317777777777778,9.366666666666667,40.37777777777777,20.75555555555556,9.344444444444443,89.08888888888889,-2.46508326888575,8.487000767805789,1.45148761209306,0,3,3,2,98.75,100.125,98.875,95.625,97.5,99.0,100.0,99.0,94.0,98.0,1,2026-05-26 18:00,66.6,5.1,NE,0.0,85.7,0.0,0.0,30.01,62.1,cloudy,1,1,0.2741200150119158,0.7258799849880841,3.6480371561213087,1.3776382056000838,0.3937007874015747,0.6527777777777778,-0.1195807723896589,0.0731022072103063,0.2741200150119158,0.2741200150119158,home_model_prob_run_line,home_model_prob_run_line,0.7258799849880841,0.7258799849880841,away_model_prob_run_line,away_model_prob_run_line,-0.3037351618697338,0.11198635998174589,-0.19723062459073623,0.21053435676568238,0.0,0.21053435676568238
