game_id,sport,game_date,game_time,league,away_team,home_team,home_batters_found,away_batters_found,home_sp_found,away_sp_found,market_type,bet_side,market,side,line,take_bet,dk_odds_american,dk_odds_decimal,model_prob,prob_used_for_selection,prob_for_ev,prob_for_kelly,ev_probability_source,kelly_probability_source,ev,kelly,selection_reason,low_confidence
11db8321335040098def7d046fc1e7fd,baseball,2026_04_05,13:36:00,MLB,Los Angeles Dodgers,Washington Nationals,9,9,1,1,run_line,away,run_line,away,-1.5,away_run_line,-131.0,1.763358778625954,0.6258027833236708,0.6258027833236708,0.6258027833236708,0.6258027833236708,away_model_prob_run_line,away_model_prob_run_line,0.1035148316623506,0.1356044294776793,"ev_band=[-10.0,99.99];kelly_band=[-10.0,99.99];odds_band=[-1000,1000];line_band=[-1.5,-1.5];prob_band=[0.0,1.0]",0
11db8321335040098def7d046fc1e7fd,baseball,2026_04_05,13:36:00,MLB,Los Angeles Dodgers,Washington Nationals,9,9,1,1,total,over,total,over,9.0,over_total,-113.0,1.8849557522123888,0.7906086828360726,0.7906086828360726,0.7906086828360726,0.7906086828360726,over_model_prob_total_win,over_model_prob_total_win,0.5689823982331608,0.6978878512666671,"ev_band=[-10.0,99.99];kelly_band=[-10.0,99.99];odds_band=[-1000,1000];line_band=[0.0,20.0];prob_band=[0.0,1.0]",0
11db8321335040098def7d046fc1e7fd,baseball,2026_04_05,13:36:00,MLB,Los Angeles Dodgers,Washington Nationals,9,9,1,1,moneyline,away,moneyline,away,,away_moneyline,-217.0,1.4608294930875576,0.7989251317139021,0.7989251317139021,0.7989251317139021,0.7989251317139021,away_model_prob_moneyline,away_model_prob_moneyline,0.1670933951765298,0.3625926675330697,"ev_band=[-10.0,99.99];kelly_band=[-10.0,99.99];odds_band=[-1000,1000];prob_band=[0.0,1.0]",0
1c62c9b04fe7901aa7c4acfe7d37c949,baseball,2026_04_05,19:21:00,MLB,St Louis Cardinals,Detroit Tigers,9,9,1,1,total,over,total,over,8.0,over_total,-101.0,1.99009900990099,0.7637347321183087,0.7637347321183087,0.7637347321183087,0.7637347321183087,over_model_prob_total_win,over_model_prob_total_win,0.609861831642379,0.6768454736372088,"ev_band=[-10.0,99.99];kelly_band=[-10.0,99.99];odds_band=[-1000,1000];line_band=[0.0,20.0];prob_band=[0.0,1.0]",0
29fe747229e417a970662db96f7b507a,baseball,2026_04_05,13:11:00,MLB,Chicago Cubs,Cleveland Guardians,9,9,1,1,run_line,away,run_line,away,-1.5,away_run_line,123.0,2.23,0.5826722046923681,0.5826722046923681,0.5826722046923681,0.5826722046923681,away_model_prob_run_line,away_model_prob_run_line,0.299359016463981,0.2433813141983584,"ev_band=[-10.0,99.99];kelly_band=[-10.0,99.99];odds_band=[-1000,1000];line_band=[-1.5,-1.5];prob_band=[0.0,1.0]",0
29fe747229e417a970662db96f7b507a,baseball,2026_04_05,13:11:00,MLB,Chicago Cubs,Cleveland Guardians,9,9,1,1,total,under,total,under,7.5,under_total,-109.0,1.9174311926605505,0.6805613850753629,0.6805613850753629,0.6805613850753629,0.6805613850753629,under_model_prob_total_win,under_model_prob_total_win,0.3049296282637692,0.3323732948075084,"ev_band=[-10.0,99.99];kelly_band=[-10.0,99.99];odds_band=[-1000,1000];line_band=[0.0,20.0];prob_band=[0.0,1.0]",0
29fe747229e417a970662db96f7b507a,baseball,2026_04_05,13:11:00,MLB,Chicago Cubs,Cleveland Guardians,9,9,1,1,moneyline,away,moneyline,away,,away_moneyline,-135.0,1.7407407407407407,0.8296219658832326,0.8296219658832326,0.8296219658832326,0.8296219658832326,away_model_prob_moneyline,away_model_prob_moneyline,0.4441567554263677,0.5996116198255965,"ev_band=[-10.0,99.99];kelly_band=[-10.0,99.99];odds_band=[-1000,1000];prob_band=[0.0,1.0]",0
2b9ccede64dae0b4bcf9d3be43f46109,baseball,2026_04_05,13:36:00,MLB,Baltimore Orioles,Pittsburgh Pirates,9,9,1,1,run_line,away,run_line,away,1.5,away_run_line,-185.0,1.5405405405405406,0.9136281272676152,0.9136281272676152,0.9136281272676152,0.9136281272676152,away_model_prob_run_line,away_model_prob_run_line,0.4074811690338937,0.7538401627127034,"ev_band=[-10.0,99.99];kelly_band=[-10.0,99.99];odds_band=[-1000,1000];line_band=[1.5,1.5];prob_band=[0.0,1.0]",0
2b9ccede64dae0b4bcf9d3be43f46109,baseball,2026_04_05,13:36:00,MLB,Baltimore Orioles,Pittsburgh Pirates,9,9,1,1,total,under,total,under,8.5,under_total,-112.0,1.8928571428571428,0.6481037019443627,0.6481037019443627,0.6481037019443627,0.6481037019443627,under_model_prob_total_win,under_model_prob_total_win,0.2267677215375437,0.253979848122049,"ev_band=[-10.0,99.99];kelly_band=[-10.0,99.99];odds_band=[-1000,1000];line_band=[0.0,20.0];prob_band=[0.0,1.0]",0
2b9ccede64dae0b4bcf9d3be43f46109,baseball,2026_04_05,13:36:00,MLB,Baltimore Orioles,Pittsburgh Pirates,9,9,1,1,moneyline,away,moneyline,away,,away_moneyline,108.0,2.08,0.8176557634840198,0.8176557634840198,0.8176557634840198,0.8176557634840198,away_model_prob_moneyline,away_model_prob_moneyline,0.7007239880467613,0.6488185074507048,"ev_band=[-10.0,99.99];kelly_band=[-10.0,99.99];odds_band=[-1000,1000];prob_band=[0.0,1.0]",0
318f813f9377b7ebede8b485f5ebef63,baseball,2026_04_05,14:11:00,MLB,Toronto Blue Jays,Chicago White Sox,9,9,1,1,run_line,home,run_line,home,1.5,home_run_line,-131.0,1.763358778625954,0.6869494713981785,0.6869494713981785,0.6869494713981785,0.6869494713981785,home_model_prob_run_line,home_model_prob_run_line,0.2113383808624367,0.2768532789297922,"ev_band=[-10.0,99.99];kelly_band=[-10.0,99.99];odds_band=[-1000,1000];line_band=[1.5,1.5];prob_band=[0.0,1.0]",0
318f813f9377b7ebede8b485f5ebef63,baseball,2026_04_05,14:11:00,MLB,Toronto Blue Jays,Chicago White Sox,9,9,1,1,total,under,total,under,8.0,under_total,-107.0,1.9345794392523368,0.5582246401730095,0.5582246401730095,0.5582246401730095,0.5582246401730095,under_model_prob_total_win,under_model_prob_total_win,0.2146802518543646,0.2654816063316198,"ev_band=[-10.0,99.99];kelly_band=[-10.0,99.99];odds_band=[-1000,1000];line_band=[0.0,20.0];prob_band=[0.0,1.0]",0
318f813f9377b7ebede8b485f5ebef63,baseball,2026_04_05,14:11:00,MLB,Toronto Blue Jays,Chicago White Sox,9,9,1,1,moneyline,home,moneyline,home,,home_moneyline,129.0,2.29,0.4623944524313925,0.4623944524313925,0.4623944524313925,0.4623944524313925,home_model_prob_moneyline,home_model_prob_moneyline,0.0588832960678888,0.0456459659440999,"ev_band=[-10.0,99.99];kelly_band=[-10.0,99.99];odds_band=[-1000,1000];prob_band=[0.0,1.0]",0
4c267806bb7b5fed26df010d063685b8,baseball,2026_04_05,14:36:00,MLB,Cincinnati Reds,Texas Rangers,9,9,1,1,total,under,total,under,7.5,under_total,-103.0,1.970873786407767,0.7488130689231747,0.7488130689231747,0.7488130689231747,0.7488130689231747,under_model_prob_total_win,under_model_prob_total_win,0.4758160484602375,0.4900905299140446,"ev_band=[-10.0,99.99];kelly_band=[-10.0,99.99];odds_band=[-1000,1000];line_band=[0.0,20.0];prob_band=[0.0,1.0]",0
4c267806bb7b5fed26df010d063685b8,baseball,2026_04_05,14:36:00,MLB,Cincinnati Reds,Texas Rangers,9,9,1,1,moneyline,home,moneyline,home,,home_moneyline,-126.0,1.7936507936507935,0.6171434725310695,0.6171434725310695,0.6171434725310695,0.6171434725310695,home_model_prob_moneyline,home_model_prob_moneyline,0.1069398793017595,0.1347442479202169,"ev_band=[-10.0,99.99];kelly_band=[-10.0,99.99];odds_band=[-1000,1000];prob_band=[0.0,1.0]",0
6713ad4fbeae608d336734ee11015eb2,baseball,2026_04_05,16:10:00,MLB,Atlanta Braves,Arizona Diamondbacks,9,9,1,1,run_line,home,run_line,home,1.5,home_run_line,-166.0,1.6024096385542168,0.6973340935028847,0.6973340935028847,0.6973340935028847,0.6973340935028847,home_model_prob_run_line,home_model_prob_run_line,0.1174148727214898,0.1949086887176732,"ev_band=[-10.0,99.99];kelly_band=[-10.0,99.99];odds_band=[-1000,1000];line_band=[1.5,1.5];prob_band=[0.0,1.0]",0
6713ad4fbeae608d336734ee11015eb2,baseball,2026_04_05,16:10:00,MLB,Atlanta Braves,Arizona Diamondbacks,9,9,1,1,total,under,total,under,9.0,under_total,100.0,2.0,0.8005578294300576,0.8005578294300576,0.8005578294300576,0.8005578294300576,under_model_prob_total_win,under_model_prob_total_win,0.6843929271443356,0.7465648046747951,"ev_band=[-10.0,99.99];kelly_band=[-10.0,99.99];odds_band=[-1000,1000];line_band=[0.0,20.0];prob_band=[0.0,1.0]",0
6713ad4fbeae608d336734ee11015eb2,baseball,2026_04_05,16:10:00,MLB,Atlanta Braves,Arizona Diamondbacks,9,9,1,1,moneyline,away,moneyline,away,,away_moneyline,-107.0,1.9345794392523368,0.541943653944262,0.541943653944262,0.541943653944262,0.541943653944262,away_model_prob_moneyline,away_model_prob_moneyline,0.0484330501538528,0.0518233636646225,"ev_band=[-10.0,99.99];kelly_band=[-10.0,99.99];odds_band=[-1000,1000];prob_band=[0.0,1.0]",0
6cfb88cfd2f02bcfc42f9513be8da728,baseball,2026_04_05,13:36:00,MLB,Miami Marlins,New York Yankees,9,9,1,1,run_line,away,run_line,away,1.5,away_run_line,108.0,2.08,0.8187374108143879,0.8187374108143879,0.8187374108143879,0.8187374108143879,away_model_prob_run_line,away_model_prob_run_line,0.7029738144939268,0.6509016800869692,"ev_band=[-10.0,99.99];kelly_band=[-10.0,99.99];odds_band=[-1000,1000];line_band=[1.5,1.5];prob_band=[0.0,1.0]",0
6cfb88cfd2f02bcfc42f9513be8da728,baseball,2026_04_05,13:36:00,MLB,Miami Marlins,New York Yankees,9,9,1,1,total,over,total,over,8.0,over_total,-112.0,1.8928571428571428,0.8140577331539368,0.8140577331539368,0.8140577331539368,0.8140577331539368,over_model_prob_total_win,over_model_prob_total_win,0.6163275284253364,0.746605149832401,"ev_band=[-10.0,99.99];kelly_band=[-10.0,99.99];odds_band=[-1000,1000];line_band=[0.0,20.0];prob_band=[0.0,1.0]",0
6cfb88cfd2f02bcfc42f9513be8da728,baseball,2026_04_05,13:36:00,MLB,Miami Marlins,New York Yankees,9,9,1,1,moneyline,away,moneyline,away,,away_moneyline,229.0,3.29,0.6968444965799472,0.6968444965799472,0.6968444965799472,0.6968444965799472,away_model_prob_moneyline,away_model_prob_moneyline,1.2926183937480262,0.564462180675994,"ev_band=[-10.0,99.99];kelly_band=[-10.0,99.99];odds_band=[-1000,1000];prob_band=[0.0,1.0]",0
6e92e4380327a4202b28a449cec82e36,baseball,2026_04_05,14:11:00,MLB,Milwaukee Brewers,Kansas City Royals,9,9,1,1,run_line,home,run_line,home,-1.5,home_run_line,163.0,2.63,0.7613491459410487,0.7613491459410487,0.7613491459410487,0.7613491459410487,home_model_prob_run_line,home_model_prob_run_line,1.002348253824958,0.6149375790337166,"ev_band=[-10.0,99.99];kelly_band=[-10.0,99.99];odds_band=[-1000,1000];line_band=[-1.5,-1.5];prob_band=[0.0,1.0]",0
6e92e4380327a4202b28a449cec82e36,baseball,2026_04_05,14:11:00,MLB,Milwaukee Brewers,Kansas City Royals,9,9,1,1,total,under,total,under,7.5,under_total,-103.0,1.970873786407767,0.6123442164803077,0.6123442164803077,0.6123442164803077,0.6123442164803077,under_model_prob_total_win,under_model_prob_total_win,0.2068531645194413,0.2130587594550246,"ev_band=[-10.0,99.99];kelly_band=[-10.0,99.99];odds_band=[-1000,1000];line_band=[0.0,20.0];prob_band=[0.0,1.0]",0
6e92e4380327a4202b28a449cec82e36,baseball,2026_04_05,14:11:00,MLB,Milwaukee Brewers,Kansas City Royals,9,9,1,1,moneyline,home,moneyline,home,,home_moneyline,-126.0,1.7936507936507935,0.9329706623388656,0.9329706623388656,0.9329706623388656,0.9329706623388656,home_model_prob_moneyline,home_model_prob_moneyline,0.6734235689570127,0.8485136968858362,"ev_band=[-10.0,99.99];kelly_band=[-10.0,99.99];odds_band=[-1000,1000];prob_band=[0.0,1.0]",0
91cb43db006ffd2bfb2bb937ec974414,baseball,2026_04_05,15:11:00,MLB,Philadelphia Phillies,Colorado Rockies,9,9,1,1,run_line,away,run_line,away,-1.5,away_run_line,-117.0,1.8547008547008548,0.9802714755277608,0.9802714755277608,0.9802714755277608,0.9802714755277608,away_model_prob_run_line,away_model_prob_run_line,0.8181103435002062,0.957189101895241,"ev_band=[-10.0,99.99];kelly_band=[-10.0,99.99];odds_band=[-1000,1000];line_band=[-1.5,-1.5];prob_band=[0.0,1.0]",0
91cb43db006ffd2bfb2bb937ec974414,baseball,2026_04_05,15:11:00,MLB,Philadelphia Phillies,Colorado Rockies,9,9,1,1,total,over,total,over,11.0,over_total,-117.0,1.8547008547008548,0.4873602665495609,0.4873602665495609,0.4873602665495609,0.4873602665495609,over_model_prob_total_win,over_model_prob_total_win,0.0216467507459516,0.0287065907788014,"ev_band=[-10.0,99.99];kelly_band=[-10.0,99.99];odds_band=[-1000,1000];line_band=[0.0,20.0];prob_band=[0.0,1.0]",0
91cb43db006ffd2bfb2bb937ec974414,baseball,2026_04_05,15:11:00,MLB,Philadelphia Phillies,Colorado Rockies,9,9,1,1,moneyline,away,moneyline,away,,away_moneyline,-175.0,1.5714285714285714,0.9969554122700632,0.9969554122700632,0.9969554122700632,0.9969554122700632,away_model_prob_moneyline,away_model_prob_moneyline,0.566644219281528,0.9916273837426738,"ev_band=[-10.0,99.99];kelly_band=[-10.0,99.99];odds_band=[-1000,1000];prob_band=[0.0,1.0]",0
a90501690931f0257555636a2bba3fbf,baseball,2026_04_05,13:36:00,MLB,San Diego Padres,Boston Red Sox,9,9,1,1,run_line,away,run_line,away,1.5,away_run_line,-149.0,1.6711409395973154,0.9200669359453952,0.9200669359453952,0.9200669359453952,0.9200669359453952,away_model_prob_run_line,away_model_prob_run_line,0.5375615238282108,0.8009666705040341,"ev_band=[-10.0,99.99];kelly_band=[-10.0,99.99];odds_band=[-1000,1000];line_band=[1.5,1.5];prob_band=[0.0,1.0]",0
a90501690931f0257555636a2bba3fbf,baseball,2026_04_05,13:36:00,MLB,San Diego Padres,Boston Red Sox,9,9,1,1,total,over,total,over,9.0,over_total,-105.0,1.9523809523809523,0.5582613747143602,0.5582613747143602,0.5582613747143602,0.5582613747143602,over_model_prob_total_win,over_model_prob_total_win,0.2133359021364831,0.2555349506220414,"ev_band=[-10.0,99.99];kelly_band=[-10.0,99.99];odds_band=[-1000,1000];line_band=[0.0,20.0];prob_band=[0.0,1.0]",0
a90501690931f0257555636a2bba3fbf,baseball,2026_04_05,13:36:00,MLB,San Diego Padres,Boston Red Sox,9,9,1,1,moneyline,away,moneyline,away,,away_moneyline,129.0,2.29,0.8467772505932407,0.8467772505932407,0.8467772505932407,0.8467772505932407,away_model_prob_moneyline,away_model_prob_moneyline,0.9391199038585212,0.7279999254717219,"ev_band=[-10.0,99.99];kelly_band=[-10.0,99.99];odds_band=[-1000,1000];prob_band=[0.0,1.0]",0
ac0a6ca9e9cf87ea71536972e31230cc,baseball,2026_04_05,16:06:00,MLB,Houston Astros,Athletics,9,9,1,1,run_line,away,run_line,away,-1.5,away_run_line,123.0,2.23,0.5048168334408607,0.5048168334408607,0.5048168334408607,0.5048168334408607,away_model_prob_run_line,away_model_prob_run_line,0.1257415385731193,0.1022288931488775,"ev_band=[-10.0,99.99];kelly_band=[-10.0,99.99];odds_band=[-1000,1000];line_band=[-1.5,-1.5];prob_band=[0.0,1.0]",0
ac0a6ca9e9cf87ea71536972e31230cc,baseball,2026_04_05,16:06:00,MLB,Houston Astros,Athletics,9,9,1,1,total,under,total,under,10.0,under_total,-107.0,1.9345794392523368,0.7376574065991628,0.7376574065991628,0.7376574065991628,0.7376574065991628,under_model_prob_total_win,under_model_prob_total_win,0.5219321473093742,0.6170060265897052,"ev_band=[-10.0,99.99];kelly_band=[-10.0,99.99];odds_band=[-1000,1000];line_band=[0.0,20.0];prob_band=[0.0,1.0]",0
ac0a6ca9e9cf87ea71536972e31230cc,baseball,2026_04_05,16:06:00,MLB,Houston Astros,Athletics,9,9,1,1,moneyline,away,moneyline,away,,away_moneyline,-126.0,1.7936507936507935,0.7402953129851926,0.7402953129851926,0.7402953129851926,0.7402953129851926,away_model_prob_moneyline,away_model_prob_moneyline,0.3278312756718533,0.4130674073465351,"ev_band=[-10.0,99.99];kelly_band=[-10.0,99.99];odds_band=[-1000,1000];prob_band=[0.0,1.0]",0
b58a8d0376af31bc90316319ce719acf,baseball,2026_04_05,16:41:00,MLB,Chicago Cubs,Cleveland Guardians,9,8,1,1,run_line,away,run_line,away,-1.5,away_run_line,140.0,2.4,0.7557524689319349,0.7557524689319349,0.7557524689319349,0.7557524689319349,away_model_prob_run_line,away_model_prob_run_line,0.8138059254366437,0.5812899467404599,"ev_band=[-10.0,99.99];kelly_band=[-10.0,99.99];odds_band=[-1000,1000];line_band=[-1.5,-1.5];prob_band=[0.0,1.0]",0
b58a8d0376af31bc90316319ce719acf,baseball,2026_04_05,16:41:00,MLB,Chicago Cubs,Cleveland Guardians,9,8,1,1,total,over,total,over,7.5,over_total,-109.0,1.9174311926605505,0.5827244608371671,0.5827244608371671,0.5827244608371671,0.5827244608371671,over_model_prob_total_win,over_model_prob_total_win,0.1173340579354855,0.1278941231496792,"ev_band=[-10.0,99.99];kelly_band=[-10.0,99.99];odds_band=[-1000,1000];line_band=[0.0,20.0];prob_band=[0.0,1.0]",0
b58a8d0376af31bc90316319ce719acf,baseball,2026_04_05,16:41:00,MLB,Chicago Cubs,Cleveland Guardians,9,8,1,1,moneyline,away,moneyline,away,,away_moneyline,-123.0,1.8130081300813008,0.9183433857835018,0.9183433857835018,0.9183433857835018,0.9183433857835018,away_model_prob_moneyline,away_model_prob_moneyline,0.6649640246318773,0.8179057502972091,"ev_band=[-10.0,99.99];kelly_band=[-10.0,99.99];odds_band=[-1000,1000];prob_band=[0.0,1.0]",0
e7c8fd226080f70fcf82e59c4705ede9,baseball,2026_04_05,14:11:00,MLB,Tampa Bay Rays,Minnesota Twins,9,9,1,1,run_line,away,run_line,away,-1.5,away_run_line,148.0,2.48,0.5456797539568575,0.5456797539568575,0.5456797539568575,0.5456797539568575,away_model_prob_run_line,away_model_prob_run_line,0.3532857898130066,0.2387066147385179,"ev_band=[-10.0,99.99];kelly_band=[-10.0,99.99];odds_band=[-1000,1000];line_band=[-1.5,-1.5];prob_band=[0.0,1.0]",0
e7c8fd226080f70fcf82e59c4705ede9,baseball,2026_04_05,14:11:00,MLB,Tampa Bay Rays,Minnesota Twins,9,9,1,1,total,under,total,under,8.0,under_total,-112.0,1.8928571428571428,0.5288355815731299,0.5288355815731299,0.5288355815731299,0.5288355815731299,under_model_prob_total_win,under_model_prob_total_win,0.1380689735287274,0.1791978922538287,"ev_band=[-10.0,99.99];kelly_band=[-10.0,99.99];odds_band=[-1000,1000];line_band=[0.0,20.0];prob_band=[0.0,1.0]",0
e7c8fd226080f70fcf82e59c4705ede9,baseball,2026_04_05,14:11:00,MLB,Tampa Bay Rays,Minnesota Twins,9,9,1,1,moneyline,away,moneyline,away,,away_moneyline,-107.0,1.9345794392523368,0.7824239881071258,0.7824239881071258,0.7824239881071258,0.7824239881071258,away_model_prob_moneyline,away_model_prob_moneyline,0.5136613601698603,0.5496176553817504,"ev_band=[-10.0,99.99];kelly_band=[-10.0,99.99];odds_band=[-1000,1000];prob_band=[0.0,1.0]",0
f546541ad061224570d6c2508ff82661,baseball,2026_04_05,16:06:00,MLB,New York Mets,San Francisco Giants,9,8,1,1,run_line,home,run_line,home,1.5,home_run_line,-204.0,1.4901960784313726,0.7522104990809644,0.7522104990809644,0.7522104990809644,0.7522104990809644,home_model_prob_run_line,home_model_prob_run_line,0.1209411358853587,0.2467199172061317,"ev_band=[-10.0,99.99];kelly_band=[-10.0,99.99];odds_band=[-1000,1000];line_band=[1.5,1.5];prob_band=[0.0,1.0]",0
f546541ad061224570d6c2508ff82661,baseball,2026_04_05,16:06:00,MLB,New York Mets,San Francisco Giants,9,8,1,1,moneyline,home,moneyline,home,,home_moneyline,-120.0,1.8333333333333333,0.5529156450388917,0.5529156450388917,0.5529156450388917,0.5529156450388917,home_model_prob_moneyline,home_model_prob_moneyline,0.0136786825713013,0.0164144190855616,"ev_band=[-10.0,99.99];kelly_band=[-10.0,99.99];odds_band=[-1000,1000];prob_band=[0.0,1.0]",0
f9328a738af71bb6fd039c0c537f6b09,baseball,2026_04_05,16:08:00,MLB,Seattle Mariners,Los Angeles Angels,9,8,1,1,total,under,total,under,9.0,under_total,-101.0,1.99009900990099,0.8396087855671466,0.8396087855671466,0.8396087855671466,0.8396087855671466,under_model_prob_total_win,under_model_prob_total_win,0.7422549438384027,0.8072769724513421,"ev_band=[-10.0,99.99];kelly_band=[-10.0,99.99];odds_band=[-1000,1000];line_band=[0.0,20.0];prob_band=[0.0,1.0]",0
f9328a738af71bb6fd039c0c537f6b09,baseball,2026_04_05,16:08:00,MLB,Seattle Mariners,Los Angeles Angels,9,8,1,1,moneyline,away,moneyline,away,,away_moneyline,-175.0,1.5714285714285714,0.774784963925459,0.774784963925459,0.774784963925459,0.774784963925459,away_model_prob_moneyline,away_model_prob_moneyline,0.2175192290257213,0.3806586507950122,"ev_band=[-10.0,99.99];kelly_band=[-10.0,99.99];odds_band=[-1000,1000];prob_band=[0.0,1.0]",0
