unmatched_reason,game_id,sport,league,game_date,game_time,home_team,away_team,market_type,bet_side,line,take_bet,dk_odds_american,model_prob,ev,kelly,low_confidence,source_file
missing_final_score,b69acd5d2b74c9782f22bd2463df8371,baseball,MLB,2026_04_02,14:10:00,Kansas City Royals,Minnesota Twins,run_line,home,-1.5,home_run_line,129.0,0.4765026960143824,0.0707466849840467,0.07069083245964,0,2026_04_02_MLB.csv
missing_final_score,b69acd5d2b74c9782f22bd2463df8371,baseball,MLB,2026_04_02,14:10:00,Kansas City Royals,Minnesota Twins,total,under,9.5,under_total,-117.0,0.5571842273446839,0.0333469577556268,0.039089773337964,0,2026_04_02_MLB.csv
missing_final_score,fea2e77645688e161aa980c0b830c080,baseball,MLB,2026_04_04,14:11:00,Kansas City Royals,Milwaukee Brewers,run_line,home,1.5,home_run_line,-172.0,0.7144340464417878,0.11174147809399,0.2232606063216628,0,2026_04_04_MLB.csv
missing_final_score,fea2e77645688e161aa980c0b830c080,baseball,MLB,2026_04_04,14:11:00,Kansas City Royals,Milwaukee Brewers,total,under,8.5,under_total,-112.0,0.5785915777174457,0.0950219697628829,0.1066141447609849,0,2026_04_04_MLB.csv
missing_final_score,fea2e77645688e161aa980c0b830c080,baseball,MLB,2026_04_04,14:11:00,Kansas City Royals,Milwaukee Brewers,moneyline,home,,home_moneyline,-102.0,0.5180951611600292,0.0079703936698616,0.0265522255432587,0,2026_04_04_MLB.csv
missing_final_score,cdbfd5e28cb2a7740714cfb069042ee5,baseball,MLB,2026_04_07,13:11:00,Cleveland Guardians,Kansas City Royals,run_line,home,1.5,home_run_line,-200.0,0.7307719125088108,0.110019046540994,0.1923157375264323,0,2026_04_07_MLB.csv
missing_final_score,cdbfd5e28cb2a7740714cfb069042ee5,baseball,MLB,2026_04_07,13:11:00,Cleveland Guardians,Kansas City Royals,total,under,6.5,under_total,104.0,0.5202086520036774,0.0616746422698536,0.0588708173918287,0,2026_04_07_MLB.csv
missing_final_score,d52d861ea5ed462b15486ffb7493bbc4,baseball,MLB,2026_04_08,12:36:00,Pittsburgh Pirates,San Diego Padres,run_line,home,1.5,home_run_line,-181.0,0.7009292411455563,0.0820108322020329,0.1596111676190132,0,2026_04_08_MLB.csv
missing_final_score,d52d861ea5ed462b15486ffb7493bbc4,baseball,MLB,2026_04_08,12:36:00,Pittsburgh Pirates,San Diego Padres,total,under,7.5,under_total,-120.0,0.568991401215416,0.0431844650000157,0.0517810826739152,0,2026_04_08_MLB.csv
missing_final_score,f42b041996f1eb07d2f5372685863588,baseball,MLB,2026_04_10,14:21:00,Chicago Cubs,Pittsburgh Pirates,total,over,6.5,over_total,-121.0,0.6094554474040019,0.1107994650866516,0.1368965387628444,0,2026_04_10_MLB.csv
missing_final_score,f42b041996f1eb07d2f5372685863588,baseball,MLB,2026_04_10,14:21:00,Chicago Cubs,Pittsburgh Pirates,moneyline,away,,away_moneyline,129.0,0.451494406411755,0.0090111462384745,0.0262962718472239,0,2026_04_10_MLB.csv
missing_final_score,a23f07d17eae739724cce22627234e9d,baseball,MLB,2026_04_11,13:11:00,Detroit Tigers,Miami Marlins,total,over,7.5,over_total,-102.0,0.562234957986107,0.1136978001467472,0.115714615131936,0,2026_04_11_MLB.csv
missing_final_score,a23f07d17eae739724cce22627234e9d,baseball,MLB,2026_04_11,13:11:00,Detroit Tigers,Miami Marlins,moneyline,away,,away_moneyline,123.0,0.4879993356033552,0.0447050961732599,0.0717386328418553,0,2026_04_11_MLB.csv
missing_final_score,0ba37739cdf2986dfc1463c1da6a09f1,baseball,MLB,2026_04_25,16:11:00,New York Mets,Colorado Rockies,run_line,away,1.5,away_run_line,-121.0,0.5791986996559829,0.0546253109419194,0.0700291262397225,0,2026_04_25_MLB.csv
missing_final_score,0ba37739cdf2986dfc1463c1da6a09f1,baseball,MLB,2026_04_25,16:11:00,New York Mets,Colorado Rockies,moneyline,away,,away_moneyline,169.0,0.4051220004033071,0.0865281810848961,0.053123184073903,0,2026_04_25_MLB.csv
missing_final_score,0b82fc67da784ef2d4225438c8e33b6a,baseball,MLB,2026_04_29,18:41:00,Philadelphia Phillies,San Francisco Giants,run_line,home,-1.5,home_run_line,149.0,0.415396379031338,0.0863814282324763,0.0230449555624374,0,2026_04_29_MLB.csv
missing_final_score,0b82fc67da784ef2d4225438c8e33b6a,baseball,MLB,2026_04_29,18:41:00,Philadelphia Phillies,San Francisco Giants,total,over,7.0,over_total,-107.0,0.5798327023292618,0.1177862835253688,0.130253693821572,0,2026_04_29_MLB.csv
missing_final_score,0b82fc67da784ef2d4225438c8e33b6a,baseball,MLB,2026_04_29,18:41:00,Philadelphia Phillies,San Francisco Giants,moneyline,away,,away_moneyline,129.0,0.445372884896595,-0.0321405380312419,0.015429384816436,0,2026_04_29_MLB.csv
missing_final_score,7459efe5719c27130877cc640b75f8ba,baseball,MLB,2026_04_29,18:36:00,Baltimore Orioles,Houston Astros,run_line,home,1.5,home_run_line,-192.0,0.7189142563151394,0.0738487648126081,0.1792296284402073,0,2026_04_29_MLB.csv
missing_final_score,7459efe5719c27130877cc640b75f8ba,baseball,MLB,2026_04_29,18:36:00,Baltimore Orioles,Houston Astros,total,over,9.0,over_total,-102.0,0.644606281985884,0.276132103810611,0.2821046896114855,0,2026_04_29_MLB.csv
missing_final_score,4f532987fa9021753e499704cc1998d0,baseball,MLB,2026_05_05,19:46:00,St Louis Cardinals,Milwaukee Brewers,run_line,home,1.5,home_run_line,-178.0,0.6777784794942794,0.0826029061764589,0.1042241729940967,0,2026_05_05_MLB.csv
missing_final_score,4f532987fa9021753e499704cc1998d0,baseball,MLB,2026_05_05,19:46:00,St Louis Cardinals,Milwaukee Brewers,total,over,8.0,over_total,-107.0,0.5787934607560452,0.1061644313935783,0.1281024637650137,0,2026_05_05_MLB.csv
missing_final_score,4f532987fa9021753e499704cc1998d0,baseball,MLB,2026_05_05,19:46:00,St Louis Cardinals,Milwaukee Brewers,moneyline,away,,away_moneyline,-107.0,0.5260841476217395,-0.0062984246943916,0.0189941855770009,0,2026_05_05_MLB.csv
missing_final_score,6a03ee8f26eea9160cbb5d12946cb37c,baseball,MLB,2026_05_05,20:41:00,Colorado Rockies,New York Mets,run_line,home,1.5,home_run_line,-114.0,0.5448892326434015,-0.0271877562658953,0.0260629578568792,0,2026_05_05_MLB.csv
missing_final_score,6a03ee8f26eea9160cbb5d12946cb37c,baseball,MLB,2026_05_05,20:41:00,Colorado Rockies,New York Mets,total,under,10.0,under_total,-112.0,0.6981288365530557,0.3060852471587984,0.360033133492478,0,2026_05_05_MLB.csv
missing_final_score,6a03ee8f26eea9160cbb5d12946cb37c,baseball,MLB,2026_05_05,20:41:00,Colorado Rockies,New York Mets,moneyline,home,,home_moneyline,135.0,0.4272186743008148,-0.0460861153930852,0.0029362108199369,0,2026_05_05_MLB.csv
missing_final_score,01ce87afc3b701c0bae09b62dc95f87c,baseball,MLB,2026_05_07,18:41:00,Miami Marlins,Baltimore Orioles,run_line,home,1.5,home_run_line,-188.0,0.7909999152657217,0.2338223288231385,0.3980797559652784,0,2026_05_07_MLB.csv
missing_final_score,01ce87afc3b701c0bae09b62dc95f87c,baseball,MLB,2026_05_07,18:41:00,Miami Marlins,Baltimore Orioles,total,under,8.5,under_total,-112.0,0.535511710113612,0.0197158127377663,0.0152848254408573,0,2026_05_07_MLB.csv
missing_final_score,1c3063ee80bf14181773650f89724edd,baseball,MLB,2026_05_07,12:36:00,New York Yankees,Texas Rangers,run_line,home,-1.5,home_run_line,135.0,0.4678608974685849,0.1018953979400633,0.0736837844823515,0,2026_05_07_MLB.csv
missing_final_score,1c3063ee80bf14181773650f89724edd,baseball,MLB,2026_05_07,12:36:00,New York Yankees,Texas Rangers,total,over,8.5,over_total,-112.0,0.5482934260955848,0.0343139454350916,0.0423820633226398,0,2026_05_07_MLB.csv
missing_final_score,4d8a7d6f10d4e381df3410c93345b071,baseball,MLB,2026_05_07,15:41:00,Arizona Diamondbacks,Pittsburgh Pirates,run_line,home,1.5,home_run_line,-175.0,0.7009724881186687,0.0761170845039397,0.177674342326339,0,2026_05_07_MLB.csv
missing_final_score,4d8a7d6f10d4e381df3410c93345b071,baseball,MLB,2026_05_07,15:41:00,Arizona Diamondbacks,Pittsburgh Pirates,total,under,9.0,under_total,-109.0,0.579764000429311,0.1125566627753207,0.1217067608972599,0,2026_05_07_MLB.csv
missing_final_score,587e3aa8ddaf7a5719f0d0f55b446db9,baseball,MLB,2026_05_07,19:11:00,Boston Red Sox,Tampa Bay Rays,run_line,home,1.5,home_run_line,-188.0,0.7240437617014798,0.0760845777365459,0.2052460337002617,0,2026_05_07_MLB.csv
missing_final_score,587e3aa8ddaf7a5719f0d0f55b446db9,baseball,MLB,2026_05_07,19:11:00,Boston Red Sox,Tampa Bay Rays,total,under,8.5,under_total,-114.0,0.6246163801603412,0.1748169919991948,0.1966790535431301,0,2026_05_07_MLB.csv
missing_final_score,587e3aa8ddaf7a5719f0d0f55b446db9,baseball,MLB,2026_05_07,19:11:00,Boston Red Sox,Tampa Bay Rays,moneyline,away,,away_moneyline,100.0,0.5009498772861234,0.0349885990166911,0.0018997545722467,0,2026_05_07_MLB.csv
missing_final_score,6ea660d6d55e2a5168fd92eb01e16b87,baseball,MLB,2026_05_07,14:11:00,Kansas City Royals,Cleveland Guardians,run_line,home,-1.5,home_run_line,139.0,0.4286170625564147,0.0097101572876089,0.0175502010862094,0,2026_05_07_MLB.csv
missing_final_score,b24e92041f215692dc57c17a67275bcf,baseball,MLB,2026_05_07,18:41:00,Philadelphia Phillies,Athletics,run_line,home,-1.5,home_run_line,144.0,0.4191882724882341,-0.000919437350931,0.0158467950495077,0,2026_05_07_MLB.csv
missing_final_score,b24e92041f215692dc57c17a67275bcf,baseball,MLB,2026_05_07,18:41:00,Philadelphia Phillies,Athletics,total,under,9.0,under_total,-105.0,0.579764000429311,0.1340889274007555,0.1385162008800875,0,2026_05_07_MLB.csv
missing_final_score,ba055e6ad1137117eef850d15d9c8c97,baseball,MLB,2026_05_07,13:06:00,Washington Nationals,Minnesota Twins,run_line,home,1.5,home_run_line,-185.0,0.6898444528751355,0.0875443907655992,0.1160566906941362,0,2026_05_07_MLB.csv
missing_final_score,ba055e6ad1137117eef850d15d9c8c97,baseball,MLB,2026_05_07,13:06:00,Washington Nationals,Minnesota Twins,total,over,9.0,over_total,-107.0,0.5908791572225423,0.1440089950870783,0.1531198554506626,0,2026_05_07_MLB.csv
missing_final_score,d995ce8d9df4c182c1ecade37bac292d,baseball,MLB,2026_05_07,14:21:00,Chicago Cubs,Cincinnati Reds,run_line,home,-1.5,home_run_line,102.0,0.5576381149058116,0.1663317698875172,0.1239499922644504,0,2026_05_07_MLB.csv
missing_final_score,d995ce8d9df4c182c1ecade37bac292d,baseball,MLB,2026_05_07,14:21:00,Chicago Cubs,Cincinnati Reds,total,under,8.5,under_total,-117.0,0.5410439528013804,0.0035450439957011,0.0040653775789955,0,2026_05_07_MLB.csv
missing_final_score,d995ce8d9df4c182c1ecade37bac292d,baseball,MLB,2026_05_07,14:21:00,Chicago Cubs,Cincinnati Reds,moneyline,home,,home_moneyline,-208.0,0.6933124031475779,0.0665384516693836,0.05540220169454,0,2026_05_07_MLB.csv
missing_final_score,db06eeec096bc60532c3b1aa5d4235a0,baseball,MLB,2026_05_07,15:11:00,Colorado Rockies,New York Mets,run_line,home,1.5,home_run_line,-126.0,0.6719758046455109,0.2226424908721067,0.2586653184988545,0,2026_05_07_MLB.csv
missing_final_score,db06eeec096bc60532c3b1aa5d4235a0,baseball,MLB,2026_05_07,15:11:00,Colorado Rockies,New York Mets,total,under,11.0,under_total,-114.0,0.7528793575897627,0.3917353485820444,0.471161825242092,0,2026_05_07_MLB.csv
missing_final_score,db06eeec096bc60532c3b1aa5d4235a0,baseball,MLB,2026_05_07,15:11:00,Colorado Rockies,New York Mets,moneyline,home,,home_moneyline,123.0,0.5221271848270733,0.181696177719929,0.1336127009466451,0,2026_05_07_MLB.csv
missing_final_score,a1e4d36a83b260dbab61a4f965b6abea,baseball,MLB,2026_05_09,16:11:00,Boston Red Sox,Tampa Bay Rays,run_line,away,1.5,away_run_line,-166.0,0.7262640447354227,0.098659772086079,0.2718623589962244,0,2026_05_09_MLB.csv
missing_final_score,a1e4d36a83b260dbab61a4f965b6abea,baseball,MLB,2026_05_09,16:11:00,Boston Red Sox,Tampa Bay Rays,total,over,7.5,over_total,-105.0,0.5677235149760259,0.1096578395554803,0.1138332057008531,0,2026_05_09_MLB.csv
missing_final_score,a1e4d36a83b260dbab61a4f965b6abea,baseball,MLB,2026_05_09,16:11:00,Boston Red Sox,Tampa Bay Rays,moneyline,away,,away_moneyline,129.0,0.555921052631579,0.2079464771929825,0.2116738066095471,0,2026_05_09_MLB.csv
missing_final_score,07b1faa56850a94bfd3921725fe520a2,baseball,MLB,2026_05_12,18:46:00,Boston Red Sox,Philadelphia Phillies,run_line,home,1.5,home_run_line,-135.0,0.6238121072397537,0.0713442163062378,0.1159584520134211,0,2026_05_12_MLB.csv
missing_final_score,07b1faa56850a94bfd3921725fe520a2,baseball,MLB,2026_05_12,18:46:00,Boston Red Sox,Philadelphia Phillies,total,under,8.5,under_total,-117.0,0.6009219028918105,0.1136729007101086,0.1340005292752287,0,2026_05_12_MLB.csv
missing_final_score,07b1faa56850a94bfd3921725fe520a2,baseball,MLB,2026_05_12,18:46:00,Boston Red Sox,Philadelphia Phillies,moneyline,home,,home_moneyline,123.0,0.4718221926246566,0.0376125562196507,0.0424093410999871,0,2026_05_12_MLB.csv
missing_final_score,265d87925f501ac50a2a12c6b5a91354,baseball,MLB,2026_05_12,21:41:00,Athletics,St Louis Cardinals,total,over,10.0,over_total,-105.0,0.5371784388230584,0.0434969519878757,0.0512157995872697,0,2026_05_12_MLB.csv
missing_final_score,265d87925f501ac50a2a12c6b5a91354,baseball,MLB,2026_05_12,21:41:00,Athletics,St Louis Cardinals,moneyline,away,,away_moneyline,129.0,0.4474145852476819,0.0213571779949692,0.0190537986179779,0,2026_05_12_MLB.csv
missing_final_score,34393ecc2b2d109779095b1d4935225b,baseball,MLB,2026_05_12,20:06:00,Texas Rangers,Arizona Diamondbacks,moneyline,away,,away_moneyline,108.0,0.489594477301629,-0.0192851538792783,0.0169967710994336,0,2026_05_12_MLB.csv
missing_final_score,6c8098ab353355d002d66e825b4217ab,baseball,MLB,2026_05_12,18:41:00,Cincinnati Reds,Washington Nationals,total,under,10.0,under_total,-109.0,0.5320311977705593,0.023171349076791,0.0219452033404689,0,2026_05_12_MLB.csv
missing_final_score,6c8098ab353355d002d66e825b4217ab,baseball,MLB,2026_05_12,18:41:00,Cincinnati Reds,Washington Nationals,moneyline,away,,away_moneyline,123.0,0.4616731274227835,0.0364921852639183,0.0240090033762659,0,2026_05_12_MLB.csv
missing_final_score,6d160243347bd35cdb3abf1b2690fda8,baseball,MLB,2026_05_12,18:36:00,Baltimore Orioles,New York Yankees,run_line,home,1.5,home_run_line,-120.0,0.5860013930965554,0.023258109565907,0.0892030648124218,0,2026_05_12_MLB.csv
missing_final_score,6d160243347bd35cdb3abf1b2690fda8,baseball,MLB,2026_05_12,18:36:00,Baltimore Orioles,New York Yankees,total,under,8.5,under_total,-102.0,0.5176113549319056,0.0247725859989212,0.0255749369624491,0,2026_05_12_MLB.csv
missing_final_score,6d160243347bd35cdb3abf1b2690fda8,baseball,MLB,2026_05_12,18:36:00,Baltimore Orioles,New York Yankees,moneyline,home,,home_moneyline,135.0,0.456961262396581,0.0227811888541875,0.0547103456533077,0,2026_05_12_MLB.csv
missing_final_score,744c4597586797d5f7e9be094f031f11,baseball,MLB,2026_05_12,19:16:00,Atlanta Braves,Chicago Cubs,run_line,home,1.5,home_run_line,-188.0,0.721571795862746,0.1251062475627883,0.1981267720847084,0,2026_05_12_MLB.csv
missing_final_score,744c4597586797d5f7e9be094f031f11,baseball,MLB,2026_05_12,19:16:00,Atlanta Braves,Chicago Cubs,total,under,9.0,under_total,-117.0,0.5415334732222782,0.0044889335387328,0.0051276368923436,0,2026_05_12_MLB.csv
missing_final_score,79fa6c856d2a95ff10cb955ab2d424e2,baseball,MLB,2026_05_12,18:41:00,Pittsburgh Pirates,Colorado Rockies,run_line,home,-1.5,home_run_line,-149.0,0.6748619368787089,0.2246227890717275,0.190406222827985,0,2026_05_12_MLB.csv
missing_final_score,79fa6c856d2a95ff10cb955ab2d424e2,baseball,MLB,2026_05_12,18:41:00,Pittsburgh Pirates,Colorado Rockies,total,under,7.5,under_total,-107.0,0.534966192616495,0.0348259084130047,0.0373800187161449,0,2026_05_12_MLB.csv
missing_final_score,9936f843966ef49b29f8f61cd41491f1,baseball,MLB,2026_05_12,18:11:00,Cleveland Guardians,Los Angeles Angels,total,over,8.5,over_total,-112.0,0.5337610816674352,0.0102676001037741,0.0115734931349625,0,2026_05_12_MLB.csv
missing_final_score,a0a43f882e4a4ab92fa1024e42f33be0,baseball,MLB,2026_05_12,19:41:00,Milwaukee Brewers,San Diego Padres,total,over,8.5,over_total,-117.0,0.561347839756316,0.0357335579585651,0.0481248122712057,0,2026_05_12_MLB.csv
missing_final_score,a1fa0d550bd68cf44d71f0657fa93d6a,baseball,MLB,2026_05_12,20:11:00,Houston Astros,Seattle Mariners,run_line,home,1.5,home_run_line,-131.0,0.571242220827221,-0.0627811262936453,0.0095695301108802,0,2026_05_12_MLB.csv
missing_final_score,a1fa0d550bd68cf44d71f0657fa93d6a,baseball,MLB,2026_05_12,20:11:00,Houston Astros,Seattle Mariners,total,under,8.5,under_total,100.0,0.5618688232408118,0.1221805979587053,0.1237376464816235,0,2026_05_12_MLB.csv
missing_final_score,ad3552c4909328a0be4de1ec98e97bcf,baseball,MLB,2026_05_12,19:41:00,Minnesota Twins,Miami Marlins,run_line,home,1.5,home_run_line,-172.0,0.7045111362783038,0.1527217452256381,0.1962702906769863,0,2026_05_12_MLB.csv
missing_final_score,b2c44ca94237edf5b7270d7dde706835,baseball,MLB,2026_05_12,19:08:00,Toronto Blue Jays,Tampa Bay Rays,run_line,home,1.5,home_run_line,-166.0,0.6503726950980194,-0.001197658055784,0.0699913689607316,0,2026_05_12_MLB.csv
missing_final_score,c125a2382938301b1e4462c3600de32b,baseball,MLB,2026_05_12,19:41:00,Chicago White Sox,Kansas City Royals,run_line,home,1.5,home_run_line,-149.0,0.6399125049204247,0.0450950958439012,0.1033821372518575,0,2026_05_12_MLB.csv
missing_final_score,c125a2382938301b1e4462c3600de32b,baseball,MLB,2026_05_12,19:41:00,Chicago White Sox,Kansas City Royals,total,under,9.5,under_total,-112.0,0.6308461029526714,0.2008327043455829,0.2173937382596633,0,2026_05_12_MLB.csv
missing_final_score,fe40950314ca87c69985e8a1a37c8822,baseball,MLB,2026_05_12,19:11:00,New York Mets,Detroit Tigers,moneyline,away,,away_moneyline,129.0,0.4586226308875962,0.0226180469548173,0.038950251730694,0,2026_05_12_MLB.csv
missing_final_score,07fe304b5fb4622bc1a942801ac904f6,baseball,MLB,2026_05_14,15:06:00,Athletics,St Louis Cardinals,total,under,9.5,under_total,-112.0,0.567703286101451,0.075251934406318,0.0835309665350762,0,2026_05_14_MLB.csv
missing_final_score,07fe304b5fb4622bc1a942801ac904f6,baseball,MLB,2026_05_14,15:06:00,Athletics,St Louis Cardinals,moneyline,away,,away_moneyline,-105.0,0.5788810991579032,0.086313098355906,0.1367062532737015,0,2026_05_14_MLB.csv
missing_final_score,0fd9dcf5dd607b0b9074ed98709c23da,baseball,MLB,2026_05_14,13:40:00,Minnesota Twins,Miami Marlins,run_line,home,1.5,home_run_line,-192.0,0.679973854014897,0.1101602363143227,0.0655236537234995,0,2026_05_14_MLB.csv
missing_final_score,0fd9dcf5dd607b0b9074ed98709c23da,baseball,MLB,2026_05_14,13:40:00,Minnesota Twins,Miami Marlins,total,under,8.5,under_total,-103.0,0.5244805264391421,0.0411875043675043,0.0346954686714585,0,2026_05_14_MLB.csv
missing_final_score,0fd9dcf5dd607b0b9074ed98709c23da,baseball,MLB,2026_05_14,13:40:00,Minnesota Twins,Miami Marlins,moneyline,away,,away_moneyline,104.0,0.538202360536669,0.0218994821614716,0.0941661687450046,0,2026_05_14_MLB.csv
missing_final_score,3e233aef78a3a5c98e1d9fc4ba450901,baseball,MLB,2026_05_14,19:41:00,Chicago White Sox,Kansas City Royals,total,under,8.0,under_total,-103.0,0.595097642843073,0.1774432371466823,0.1780482149714381,0,2026_05_14_MLB.csv
missing_final_score,679760ad793188b79273efa2408440ac,baseball,MLB,2026_05_14,13:41:00,Milwaukee Brewers,San Diego Padres,total,over,8.0,over_total,-105.0,0.5651700204229888,0.1023172123367601,0.108598541867127,0,2026_05_14_MLB.csv
missing_final_score,679760ad793188b79273efa2408440ac,baseball,MLB,2026_05_14,13:41:00,Milwaukee Brewers,San Diego Padres,moneyline,away,,away_moneyline,124.0,0.4535325293160288,-0.0296540454432065,0.012832956183794,0,2026_05_14_MLB.csv
missing_final_score,6e7d9b2e9bc1d87a475e2a29d5c86b92,baseball,MLB,2026_05_14,18:46:00,Boston Red Sox,Philadelphia Phillies,run_line,home,1.5,home_run_line,-181.0,0.7844630943306542,0.1986069188227282,0.3943412950691382,0,2026_05_14_MLB.csv
missing_final_score,6e7d9b2e9bc1d87a475e2a29d5c86b92,baseball,MLB,2026_05_14,18:46:00,Boston Red Sox,Philadelphia Phillies,total,over,7.5,over_total,-105.0,0.5286994385912531,0.0157832096076324,0.0338338491120688,0,2026_05_14_MLB.csv
missing_final_score,6e7d9b2e9bc1d87a475e2a29d5c86b92,baseball,MLB,2026_05_14,18:46:00,Boston Red Sox,Philadelphia Phillies,moneyline,home,,home_moneyline,-105.0,0.5729154072462016,0.0992879284330601,0.1244765848547132,0,2026_05_14_MLB.csv
missing_final_score,797493921ce7c293a19900840d42e2e1,baseball,MLB,2026_05_14,19:16:00,Atlanta Braves,Chicago Cubs,run_line,home,-1.5,home_run_line,129.0,0.4475631373078879,0.0178760733239522,0.0193175073140025,0,2026_05_14_MLB.csv
missing_final_score,797493921ce7c293a19900840d42e2e1,baseball,MLB,2026_05_14,19:16:00,Atlanta Braves,Chicago Cubs,total,over,7.5,over_total,-114.0,0.5469885074083525,0.0218049368462918,0.0305554058538743,0,2026_05_14_MLB.csv
missing_final_score,797493921ce7c293a19900840d42e2e1,baseball,MLB,2026_05_14,19:16:00,Atlanta Braves,Chicago Cubs,moneyline,away,,away_moneyline,135.0,0.4313380281690141,0.0206878773082943,0.0101069379238394,0,2026_05_14_MLB.csv
missing_final_score,8abdf6d45a3ff089cc31a3d8ae9454b2,baseball,MLB,2026_05_14,12:41:00,Cincinnati Reds,Washington Nationals,run_line,away,1.5,away_run_line,-149.0,0.6398135699095604,0.0244951392746643,0.1031357890748053,0,2026_05_14_MLB.csv
missing_final_score,8abdf6d45a3ff089cc31a3d8ae9454b2,baseball,MLB,2026_05_14,12:41:00,Cincinnati Reds,Washington Nationals,total,over,8.0,over_total,-113.0,0.6325511798374186,0.1905429981964399,0.2173340130537013,0,2026_05_14_MLB.csv
missing_final_score,8abdf6d45a3ff089cc31a3d8ae9454b2,baseball,MLB,2026_05_14,12:41:00,Cincinnati Reds,Washington Nationals,moneyline,away,,away_moneyline,135.0,0.4995374653098982,0.1291895323671497,0.1288244766505635,0,2026_05_14_MLB.csv
missing_final_score,901a26e0d74ceaadd9981af23f8e1a15,baseball,MLB,2026_05_14,14:11:00,Houston Astros,Seattle Mariners,run_line,home,1.5,home_run_line,-147.0,0.6334761689308638,0.0873624049382539,0.0946861372592334,0,2026_05_14_MLB.csv
missing_final_score,901a26e0d74ceaadd9981af23f8e1a15,baseball,MLB,2026_05_14,14:11:00,Houston Astros,Seattle Mariners,total,under,9.0,under_total,-102.0,0.5217642982052758,0.0325565461752898,0.0339638823746569,0,2026_05_14_MLB.csv
missing_final_score,b707c40c030d32a5c6a52e12bdee39fd,baseball,MLB,2026_05_14,12:36:00,Pittsburgh Pirates,Colorado Rockies,run_line,home,-1.5,home_run_line,119.0,0.534431766022944,0.1769055675902471,0.143197955958191,0,2026_05_14_MLB.csv
missing_final_score,b707c40c030d32a5c6a52e12bdee39fd,baseball,MLB,2026_05_14,12:36:00,Pittsburgh Pirates,Colorado Rockies,total,over,7.5,over_total,-113.0,0.6271814220598212,0.1784976476507908,0.2058964289874188,0,2026_05_14_MLB.csv
missing_final_score,b707c40c030d32a5c6a52e12bdee39fd,baseball,MLB,2026_05_14,12:36:00,Pittsburgh Pirates,Colorado Rockies,moneyline,home,,home_moneyline,-181.0,0.6681448143490635,0.0437855957573858,0.0674869283208682,0,2026_05_14_MLB.csv
missing_final_score,e24302ea9f75de2f74247cff5426bb72,baseball,MLB,2026_05_14,13:11:00,New York Mets,Detroit Tigers,run_line,away,1.5,away_run_line,-149.0,0.6568064389490986,0.0792272406300745,0.1454480329832555,0,2026_05_14_MLB.csv
missing_final_score,e24302ea9f75de2f74247cff5426bb72,baseball,MLB,2026_05_14,13:11:00,New York Mets,Detroit Tigers,total,under,7.5,under_total,-120.0,0.601742881588794,0.10360806404444,0.1238343394953467,0,2026_05_14_MLB.csv
missing_final_score,e24302ea9f75de2f74247cff5426bb72,baseball,MLB,2026_05_14,13:11:00,New York Mets,Detroit Tigers,moneyline,away,,away_moneyline,144.0,0.4634607769809493,0.1124554069446273,0.0908640943288307,0,2026_05_14_MLB.csv
missing_final_score,de08b74f7a56e9ca21d1a814f3bb9580,baseball,MLB,2026_05_22,18:41:00,Cincinnati Reds,St Louis Cardinals,run_line,home,1.5,home_run_line,-188.0,0.6781701321009551,0.0765989257716758,0.0731299804507507,0,2026_05_22_MLB.csv
missing_final_score,de08b74f7a56e9ca21d1a814f3bb9580,baseball,MLB,2026_05_22,18:41:00,Cincinnati Reds,St Louis Cardinals,total,under,9.5,under_total,-111.0,0.5270824742128413,0.0102732422485334,0.0021440205890951,0,2026_05_22_MLB.csv
missing_final_score,de08b74f7a56e9ca21d1a814f3bb9580,baseball,MLB,2026_05_22,18:41:00,Cincinnati Reds,St Louis Cardinals,moneyline,away,,away_moneyline,104.0,0.5302372539121656,0.0439839979808177,0.0785423057507863,0,2026_05_22_MLB.csv
missing_final_score,71e440d0877946408af692d321e7972b,baseball,MLB,2026_05_23,16:06:00,Baltimore Orioles,Detroit Tigers,total,under,8.0,under_total,-104.0,0.5167554366441184,0.0262853162163015,0.0141810907540015,0,2026_05_23_MLB.csv
missing_final_score,71e440d0877946408af692d321e7972b,baseball,MLB,2026_05_23,16:06:00,Baltimore Orioles,Detroit Tigers,moneyline,away,,away_moneyline,-101.0,0.5470307015774398,0.0853952575947069,0.089531710170654,0,2026_05_23_MLB.csv
missing_final_score,85a0d1f951c22b4be483d2e435fd0454,baseball,MLB,2026_05_23,13:36:00,New York Yankees,Tampa Bay Rays,moneyline,away,,away_moneyline,119.0,0.4838393731635651,0.0765082272282077,0.0500909472505946,0,2026_05_23_MLB.csv
missing_final_score,35fc54e79ed63979cd762e9846ada0c2,baseball,MLB,2026_05_24,13:41:00,Cincinnati Reds,St Louis Cardinals,run_line,home,1.5,home_run_line,-188.0,0.693660867968827,0.0752794147607562,0.1177432997502217,0,2026_05_24_MLB.csv
missing_final_score,35fc54e79ed63979cd762e9846ada0c2,baseball,MLB,2026_05_24,13:41:00,Cincinnati Reds,St Louis Cardinals,moneyline,away,,away_moneyline,100.0,0.5162673137195429,0.0198846274390858,0.0325346274390858,0,2026_05_24_MLB.csv
missing_final_score,63301497,baseball,MLB,2026_06_11,19:40:00,Chicago White Sox,Atlanta Braves,total,under,8.5,under_total,-105.0,0.5883598238482883,0.1558258195561398,0.156137638888991,0,2026_06_11_MLB.csv
missing_final_score,63301497,baseball,MLB,2026_06_11,19:40:00,Chicago White Sox,Atlanta Braves,moneyline,away,,away_moneyline,-120.0,0.570125658694771,0.078613774273747,0.0542764491284962,0,2026_06_11_MLB.csv
missing_final_score,63303149,baseball,MLB,2026_06_14,13:40:00,Cleveland Guardians,Detroit Tigers,run_line,home,1.5,home_run_line,-204.0,0.7477697543555741,0.0734943999547117,0.2332200532409453,0,2026_06_14_MLB.csv
missing_final_score,63303149,baseball,MLB,2026_06_14,13:40:00,Cleveland Guardians,Detroit Tigers,total,under,7.5,under_total,-116.0,0.5438081507828,0.017147341175691,0.0146256056908477,0,2026_06_14_MLB.csv
missing_final_score,63299435,baseball,MLB,2026_06_16,19:15:00,Atlanta Braves,San Francisco Giants,run_line,home,-1.5,home_run_line,118.0,0.4607701947524015,0.039981802338013,0.0037957835256231,0,2026_06_16_MLB.csv
missing_final_score,63299435,baseball,MLB,2026_06_16,19:15:00,Atlanta Braves,San Francisco Giants,total,under,9.0,under_total,-112.0,0.5445843583621872,0.0261563033252111,0.0345188397278368,0,2026_06_16_MLB.csv
missing_final_score,63303507,baseball,MLB,2026_06_18,19:15:00,Atlanta Braves,San Francisco Giants,run_line,home,-1.5,home_run_line,158.0,0.4158948106601972,0.0476586115033088,0.0462079819641194,0,2026_06_18_MLB.csv
missing_final_score,63303099,baseball,MLB,2026_06_21,14:20:00,Chicago Cubs,Toronto Blue Jays,run_line,home,1.5,home_run_line,-188.0,0.7649164240318318,0.1626868623466359,0.3229593012116755,0,2026_06_21_MLB.csv
missing_final_score,63303099,baseball,MLB,2026_06_21,14:20:00,Chicago Cubs,Toronto Blue Jays,total,over,7.0,over_total,-120.0,0.6252692372596154,0.1108090762764422,0.1755923219711538,0,2026_06_21_MLB.csv
missing_final_score,63303099,baseball,MLB,2026_06_21,14:20:00,Chicago Cubs,Toronto Blue Jays,moneyline,home,,home_moneyline,-108.0,0.5619708088057415,0.0732141502925391,0.0888992823159423,0,2026_06_21_MLB.csv
missing_final_score,63303489,baseball,MLB,2026_06_22,19:10:00,New York Mets,Chicago Cubs,run_line,home,1.5,home_run_line,-156.0,0.7017584905505729,0.12235367680094,0.2365017358094666,0,2026_06_22_MLB.csv
missing_final_score,63303489,baseball,MLB,2026_06_22,19:10:00,New York Mets,Chicago Cubs,total,over,9.0,over_total,-102.0,0.5187830523280388,0.0282728323919879,0.0279417657026381,0,2026_06_22_MLB.csv
missing_final_score,63303489,baseball,MLB,2026_06_22,19:10:00,New York Mets,Chicago Cubs,moneyline,home,,home_moneyline,108.0,0.5356066996023617,0.0848119351729123,0.1056129029378818,0,2026_06_22_MLB.csv
missing_final_score,63299385,baseball,MLB,2026_06_25,19:45:00,St Louis Cardinals,Arizona Diamondbacks,run_line,home,-1.5,home_run_line,150.0,0.4301096231684933,0.0609740579212334,0.0501827052808222,0,2026_06_25_MLB.csv
missing_final_score,63299385,baseball,MLB,2026_06_25,19:45:00,St Louis Cardinals,Arizona Diamondbacks,total,over,9.0,over_total,-102.0,0.5247117924000648,0.0435108527208366,0.0399178206481308,0,2026_06_25_MLB.csv
missing_final_score,63302335,baseball,MLB,2026_07_06,19:45:00,St Louis Cardinals,Milwaukee Brewers,run_line,home,1.5,home_run_line,-163.0,0.6434210502901124,0.0050078909588931,0.0621973622629956,0,2026_07_06_MLB.csv
missing_final_score,63302335,baseball,MLB,2026_07_06,19:45:00,St Louis Cardinals,Milwaukee Brewers,total,under,8.0,under_total,-104.0,0.5639804100929645,0.1062937954638123,0.1105200365896477,0,2026_07_06_MLB.csv
missing_final_score,63299425,baseball,MLB,2026_07_07,19:45:00,St Louis Cardinals,Milwaukee Brewers,run_line,home,1.5,home_run_line,-175.0,0.6467723362840484,0.0163565284463618,0.028623924781133,0,2026_07_07_MLB.csv
missing_final_score,63299425,baseball,MLB,2026_07_07,19:45:00,St Louis Cardinals,Milwaukee Brewers,total,under,8.5,under_total,-113.0,0.581381900227621,0.0966461903227531,0.1083434474848325,0,2026_07_07_MLB.csv
missing_final_score,63299425,baseball,MLB,2026_07_07,19:45:00,St Louis Cardinals,Milwaukee Brewers,moneyline,away,,away_moneyline,-107.0,0.5439999999999999,0.0524112149532711,0.05608,0,2026_07_07_MLB.csv
missing_final_score,63302477,baseball,MLB,2026_07_10,18:40:00,Pittsburgh Pirates,Milwaukee Brewers,run_line,away,1.5,away_run_line,-208.0,0.6999821179160184,-0.0089880177012803,0.0759449231813367,0,2026_07_10_MLB.csv
missing_final_score,63302477,baseball,MLB,2026_07_10,18:40:00,Pittsburgh Pirates,Milwaukee Brewers,total,under,8.5,under_total,-114.0,0.5730131346879912,0.0714526383684153,0.0862481082323011,0,2026_07_10_MLB.csv
missing_final_score,63302477,baseball,MLB,2026_07_10,18:40:00,Pittsburgh Pirates,Milwaukee Brewers,moneyline,away,,away_moneyline,104.0,0.522259270486006,0.0199089117914522,0.0628931844148578,0,2026_07_10_MLB.csv
missing_final_score,63301597,baseball,MLB,2026_07_17,19:10:00,Cleveland Guardians,Pittsburgh Pirates,run_line,away,1.5,away_run_line,-200.0,0.6707298570406843,0.0060947855610264,0.0121895711220529,0,2026_07_17_MLB.csv
missing_final_score,63301597,baseball,MLB,2026_07_17,19:10:00,Cleveland Guardians,Pittsburgh Pirates,total,over,7.5,over_total,-107.0,0.5786072589763692,0.1187337437341241,0.1277170260810844,0,2026_07_17_MLB.csv
missing_final_score,63301597,baseball,MLB,2026_07_17,19:10:00,Cleveland Guardians,Pittsburgh Pirates,moneyline,away,,away_moneyline,104.0,0.5012555690562981,0.022561360874848,0.0216936162258155,0,2026_07_17_MLB.csv
missing_final_score,63301841,baseball,MLB,2026_07_18,20:08:00,New York Yankees,Los Angeles Dodgers,run_line,home,1.5,home_run_line,-188.0,0.6653525159946806,0.0205634287578086,0.0362152460646801,0,2026_07_18_MLB.csv
missing_final_score,63301841,baseball,MLB,2026_07_18,20:08:00,New York Yankees,Los Angeles Dodgers,total,over,9.0,over_total,-101.0,0.6209269582333152,0.2378725537993615,0.2380631860489636,0,2026_07_18_MLB.csv
missing_final_score,63301841,baseball,MLB,2026_07_18,20:08:00,New York Yankees,Los Angeles Dodgers,moneyline,away,,away_moneyline,-106.0,0.5230888826071155,0.0152689605383565,0.0175630981706579,0,2026_07_18_MLB.csv
missing_final_score,63302945,baseball,MLB,2026_07_21,19:05:00,New York Yankees,Pittsburgh Pirates,total,under,9.5,under_total,-114.0,0.6216693792989463,0.165375981365716,0.1903724716997451,0,2026_07_21_MLB.csv
missing_final_score,63303143,baseball,MLB,2026_07_21,19:10:00,Boston Red Sox,Baltimore Orioles,run_line,home,1.5,home_run_line,-192.0,0.7352410099174864,0.1337790359161776,0.2269037489590606,0,2026_07_21_MLB.csv
missing_final_score,63303143,baseball,MLB,2026_07_21,19:10:00,Boston Red Sox,Baltimore Orioles,total,over,8.5,over_total,-116.0,0.6240202444055373,0.1625397146558849,0.1878837279159604,0,2026_07_21_MLB.csv
missing_final_score,63303143,baseball,MLB,2026_07_21,19:10:00,Boston Red Sox,Baltimore Orioles,moneyline,home,,home_moneyline,-114.0,0.5349625581866019,0.0198279601046737,0.004819874519328,0,2026_07_21_MLB.csv
missing_final_score,63303605,baseball,MLB,2026_07_22,13:05:00,New York Yankees,Pittsburgh Pirates,run_line,away,1.5,away_run_line,-123.0,0.6246323118423992,0.0752634596817482,0.1629300554085501,0,2026_07_22_MLB.csv
missing_final_score,63303605,baseball,MLB,2026_07_22,13:05:00,New York Yankees,Pittsburgh Pirates,total,under,9.5,under_total,-109.0,0.5453756084902525,0.0453544418079547,0.0498350217446276,0,2026_07_22_MLB.csv
missing_final_score,63303605,baseball,MLB,2026_07_22,13:05:00,New York Yankees,Pittsburgh Pirates,moneyline,away,,away_moneyline,167.0,0.445005045408678,0.1309634712411703,0.1126727372701618,0,2026_07_22_MLB.csv
missing_final_score,63301875,baseball,MLB,2026_07_27,19:10:00,Cincinnati Reds,Cleveland Guardians,run_line,away,1.5,away_run_line,-149.0,0.718311638862631,0.1548999870925847,0.2985959807679512,0,2026_07_27_MLB.csv
missing_final_score,63301875,baseball,MLB,2026_07_27,19:10:00,Cincinnati Reds,Cleveland Guardians,total,under,9.0,under_total,-116.0,0.6497009160501133,0.2022131915394517,0.2433539786682444,0,2026_07_27_MLB.csv
missing_final_score,63301875,baseball,MLB,2026_07_27,19:10:00,Cincinnati Reds,Cleveland Guardians,moneyline,away,,away_moneyline,133.0,0.5563942204011215,0.2508985335346131,0.2228560402515888,0,2026_07_27_MLB.csv
missing_final_score,63301067,baseball,MLB,2026_07_28,19:10:00,New York Mets,Atlanta Braves,run_line,home,1.5,home_run_line,-131.0,0.6380198800012714,0.0997079563381195,0.1638259228029367,0,2026_07_28_MLB.csv
missing_final_score,63301067,baseball,MLB,2026_07_28,19:10:00,New York Mets,Atlanta Braves,total,over,7.5,over_total,-107.0,0.7023006869012236,0.3362544400987694,0.3837624218855329,0,2026_07_28_MLB.csv
missing_final_score,63301067,baseball,MLB,2026_07_28,19:10:00,New York Mets,Atlanta Braves,moneyline,home,,home_moneyline,135.0,0.4985305322738652,0.1461967508435832,0.1270716672915431,0,2026_07_28_MLB.csv
missing_final_score,63299229,baseball,MLB,2026_08_03,20:40:00,Colorado Rockies,Tampa Bay Rays,run_line,home,1.5,home_run_line,-105.0,0.5322743599058385,-0.0069476782790772,0.0411624378069688,0,2026_08_03_MLB.csv
missing_final_score,63299229,baseball,MLB,2026_08_03,20:40:00,Colorado Rockies,Tampa Bay Rays,total,under,11.5,under_total,-117.0,0.5745167777213195,0.064635975031441,0.0767014076552633,0,2026_08_03_MLB.csv
missing_final_score,63300865,baseball,MLB,2026_08_03,19:40:00,Milwaukee Brewers,Pittsburgh Pirates,total,over,8.0,over_total,-119.0,0.5559820468104958,0.0236826015469746,0.0276006825149858,0,2026_08_03_MLB.csv
missing_final_score,63300865,baseball,MLB,2026_08_03,19:40:00,Milwaukee Brewers,Pittsburgh Pirates,moneyline,away,,away_moneyline,124.0,0.4647209549403163,0.0455249390663085,0.0330443056986359,0,2026_08_03_MLB.csv
missing_final_score,63300937,baseball,MLB,2026_08_03,19:05:00,New York Yankees,St Louis Cardinals,total,under,8.0,under_total,-119.0,0.562343747249294,0.0306493582103363,0.041532806475954,0,2026_08_03_MLB.csv
missing_final_score,63301673,baseball,MLB,2026_08_03,21:40:00,Arizona Diamondbacks,San Diego Padres,run_line,home,1.5,home_run_line,-196.0,0.7015320313087827,0.0328065370785698,0.1165348126739967,0,2026_08_03_MLB.csv
missing_final_score,63301673,baseball,MLB,2026_08_03,21:40:00,Arizona Diamondbacks,San Diego Padres,total,under,9.0,under_total,-114.0,0.555276892244892,0.0407090020190366,0.0482925494040688,0,2026_08_03_MLB.csv
missing_final_score,63302147,baseball,MLB,2026_08_03,20:05:00,Texas Rangers,San Francisco Giants,run_line,away,1.5,away_run_line,-208.0,0.6927436150105041,0.0257934299194002,0.0536503342323526,0,2026_08_03_MLB.csv
missing_final_score,63302147,baseball,MLB,2026_08_03,20:05:00,Texas Rangers,San Francisco Giants,moneyline,away,,away_moneyline,104.0,0.5172664779619894,0.0552236150424585,0.0530996298485177,0,2026_08_03_MLB.csv
missing_final_score,63302355,baseball,MLB,2026_08_03,20:05:00,Chicago Cubs,Los Angeles Dodgers,run_line,home,1.5,home_run_line,-163.0,0.6782872956063739,0.0944144708250083,0.1538955874447633,0,2026_08_03_MLB.csv
missing_final_score,63302355,baseball,MLB,2026_08_03,20:05:00,Chicago Cubs,Los Angeles Dodgers,total,over,8.0,over_total,-112.0,0.529531846646077,0.0065361970669344,0.0026075148896832,0,2026_08_03_MLB.csv
missing_final_score,63302355,baseball,MLB,2026_08_03,20:05:00,Chicago Cubs,Los Angeles Dodgers,moneyline,home,,home_moneyline,104.0,0.5082667206313872,0.03686411008803,0.0354462597000287,0,2026_08_03_MLB.csv
missing_final_score,63303017,baseball,MLB,2026_08_03,18:40:00,Philadelphia Phillies,Washington Nationals,total,over,9.0,over_total,-120.0,0.6235996355516026,0.1487146190393398,0.1719191982135255,0,2026_08_03_MLB.csv
missing_final_score,63303017,baseball,MLB,2026_08_03,18:40:00,Philadelphia Phillies,Washington Nationals,moneyline,away,,away_moneyline,137.0,0.4538975989474837,0.0854873095055364,0.0552827076682748,0,2026_08_03_MLB.csv
missing_final_score,63303271,baseball,MLB,2026_08_03,20:10:00,Houston Astros,Toronto Blue Jays,run_line,away,1.5,away_run_line,-181.0,0.6929227815872196,0.1264530476575068,0.1371130162600871,0,2026_08_03_MLB.csv
missing_final_score,63303271,baseball,MLB,2026_08_03,20:10:00,Houston Astros,Toronto Blue Jays,total,over,9.0,over_total,-119.0,0.5481749035533928,0.0101713701356441,0.0105030387819303,0,2026_08_03_MLB.csv
missing_final_score,63303271,baseball,MLB,2026_08_03,20:10:00,Houston Astros,Toronto Blue Jays,moneyline,away,,away_moneyline,110.0,0.5332909245122986,0.1706109414758272,0.1090099467962066,0,2026_08_03_MLB.csv
unknown_game_status,2c78d22f888a922842d18ab0938e9db4,,,nan,,,,run_line,home,1.5,home_run_line,129.0,0.5436663990099624,0.2154404981772584,0.1899194214983053,0,
unknown_game_status,2c78d22f888a922842d18ab0938e9db4,,,nan,,,,total,under,10.0,under_total,-102.0,0.5550300153542321,0.0939207035016907,0.1011606310155486,0,
unknown_game_status,2c78d22f888a922842d18ab0938e9db4,,,nan,,,,moneyline,home,,home_moneyline,199.0,0.3812230418833394,0.1103013396756294,0.0702798468498416,0,
unknown_game_status,2f55ab2592008c576ce6bba0557199d8,,,nan,,,,run_line,home,-1.5,home_run_line,135.0,0.5108561443611725,0.1841119392487555,0.1485273624064856,0,
unknown_game_status,2f55ab2592008c576ce6bba0557199d8,,,nan,,,,total,over,7.5,over_total,-105.0,0.705619803489403,0.3783939412834122,0.3965205971532761,0,
unknown_game_status,312f9e53b1d64ed1a38adc48dd3b1ce7,,,nan,,,,run_line,home,1.5,home_run_line,-185.0,0.7145711146729562,0.0628757712529325,0.1865276768179251,0,
unknown_game_status,312f9e53b1d64ed1a38adc48dd3b1ce7,,,nan,,,,total,under,9.5,under_total,-109.0,0.5322979851897321,0.0205621815507834,0.0225027890465402,0,
unknown_game_status,376d4054f0497d9efc59db45c18f76ae,,,nan,,,,moneyline,away,,away_moneyline,123.0,0.4748611486697314,0.0240063393112786,0.0479189931166674,0,
unknown_game_status,415818bc74e8e550d87f1a25d6276e94,,,nan,,,,run_line,home,1.5,home_run_line,-166.0,0.6594605829278083,0.0741703721078801,0.0941651505879699,0,
unknown_game_status,415818bc74e8e550d87f1a25d6276e94,,,nan,,,,total,over,7.5,over_total,-117.0,0.5986615350350674,0.1093082314502711,0.1290955310260961,0,
unknown_game_status,415818bc74e8e550d87f1a25d6276e94,,,nan,,,,moneyline,home,,home_moneyline,102.0,0.4952380952380952,0.0178253301587301,0.0003734827264238,0,
unknown_game_status,41fa4cec7f51caff22b1eab7e4523008,,,nan,,,,run_line,home,-1.5,home_run_line,112.0,0.5508555194451608,0.1748748790015186,0.1498336618069114,0,
unknown_game_status,41fa4cec7f51caff22b1eab7e4523008,,,nan,,,,total,over,8.0,over_total,-102.0,0.5862755559620947,0.1624513164948033,0.1642766230434311,0,
unknown_game_status,41fa4cec7f51caff22b1eab7e4523008,,,nan,,,,moneyline,home,,home_moneyline,-192.0,0.6812464139118154,0.0431234322686639,0.0692395286225014,0,
unknown_game_status,489e828d67b83a0f938e9fc1910929af,,,nan,,,,run_line,home,1.5,home_run_line,-109.0,0.5550667813817377,0.0554245384088162,0.0700895730878317,0,
unknown_game_status,489e828d67b83a0f938e9fc1910929af,,,nan,,,,total,over,8.5,over_total,-102.0,0.521746963742957,0.0331601051671636,0.033928866760773,0,
unknown_game_status,a17bc682d534fc4be2a0873853346c69,,,nan,,,,total,over,9.5,over_total,-107.0,0.6121819598214467,0.1846423071055215,0.1972166568303949,0,
unknown_game_status,aa08785add4f89977cb0595e43894b03,,,nan,,,,run_line,home,1.5,home_run_line,-185.0,0.6614595135391407,0.0068497076443818,0.0351596135865509,0,
unknown_game_status,aa08785add4f89977cb0595e43894b03,,,nan,,,,total,over,7.5,over_total,-109.0,0.7175823191736325,0.3801751139965026,0.4097470470728919,0,
unknown_game_status,aa08785add4f89977cb0595e43894b03,,,nan,,,,moneyline,away,,away_moneyline,-107.0,0.5300767056923699,0.0376309849479597,0.0272587807832057,0,
unknown_game_status,b3e6bdc5fabee63ec7b5666bb48e3a9a,,,nan,,,,run_line,home,1.5,home_run_line,-188.0,0.7966861765572633,0.1673165305179824,0.4144561884849181,0,
unknown_game_status,b3e6bdc5fabee63ec7b5666bb48e3a9a,,,nan,,,,total,over,8.0,over_total,-117.0,0.5922148794983804,0.0985782060585542,0.1151062885114854,0,
unknown_game_status,b3e6bdc5fabee63ec7b5666bb48e3a9a,,,nan,,,,moneyline,home,,home_moneyline,-114.0,0.5832116640304984,0.0416619541157309,0.1080729610252666,0,
unknown_game_status,b8f46c3336a07f5da37ff815cf155d69,,,nan,,,,run_line,away,1.5,away_run_line,-172.0,0.6987669496319666,0.0880822929580455,0.1806461029989493,0,
unknown_game_status,b8f46c3336a07f5da37ff815cf155d69,,,nan,,,,total,over,8.0,over_total,-109.0,0.5995793709167723,0.14553675309414,0.163120885216054,0,
unknown_game_status,b8f46c3336a07f5da37ff815cf155d69,,,nan,,,,moneyline,away,,away_moneyline,119.0,0.5279187817258884,0.1391976208685842,0.1312118756131895,0,
unknown_game_status,bb76dc664e8c6ea5005c7c5328bb484f,,,nan,,,,run_line,home,1.5,home_run_line,-163.0,0.6646301154943423,0.010961985940769,0.1179772037501201,0,
unknown_game_status,bb76dc664e8c6ea5005c7c5328bb484f,,,nan,,,,total,under,10.0,under_total,-117.0,0.6830907088830038,0.26692892160352,0.3123068382761184,0,
unknown_game_status,cb5d17981ace91c9c0c11d20c49ea047,,,nan,,,,total,under,9.5,under_total,-105.0,0.5440656052860889,0.0617670160775067,0.0653344908364823,0,
unknown_game_status,da18e0cacf2048f6b3e14df98e9a184c,,,nan,,,,run_line,home,1.5,home_run_line,-181.0,0.7433135561772805,0.1515006292034022,0.278711092858158,0,
unknown_game_status,da18e0cacf2048f6b3e14df98e9a184c,,,nan,,,,moneyline,home,,home_moneyline,-109.0,0.5359999999999999,0.0252597192660548,0.0302399999999998,0,
unknown_game_status,0230d646bd78d15e54bbc955a0e7d747,,,nan,,,,run_line,away,1.5,away_run_line,-163.0,0.6640405078942337,0.0542218114421617,0.1164265357618347,0,
unknown_game_status,0230d646bd78d15e54bbc955a0e7d747,,,nan,,,,total,under,9.5,under_total,-120.0,0.5650719507449554,0.0400694161522813,0.0431582916389018,0,
unknown_game_status,0230d646bd78d15e54bbc955a0e7d747,,,nan,,,,moneyline,away,,away_moneyline,123.0,0.5131260472910072,0.1270655743478348,0.1172935654137772,0,
unknown_game_status,08936c478449a51f7fe13f0d1640984f,,,nan,,,,run_line,away,1.5,away_run_line,-153.0,0.6426529873975535,0.0473487307946472,0.0959120581158102,0,
unknown_game_status,08936c478449a51f7fe13f0d1640984f,,,nan,,,,total,under,15.5,under_total,-113.0,0.9705853898058928,0.8295105135279213,0.9373468802865516,0,
unknown_game_status,17a28912aee00dc855f859e2835228d9,,,nan,,,,total,under,8.0,under_total,-109.0,0.5590714181481465,0.0774681686889186,0.0784592639296263,0,
unknown_game_status,17a28912aee00dc855f859e2835228d9,,,nan,,,,moneyline,away,,away_moneyline,119.0,0.4585997687766649,-0.0532410397124372,0.003641591278064,0,
unknown_game_status,31a831e88d76ddeb493400030e7b7881,,,nan,,,,total,over,8.5,over_total,-121.0,0.5894882623902881,0.0713678984072686,0.0927690598825368,0,
unknown_game_status,31a831e88d76ddeb493400030e7b7881,,,nan,,,,moneyline,away,,away_moneyline,119.0,0.4737605458296734,0.0454856175892069,0.0315425171151132,0,
unknown_game_status,4231dc4bed4b8aac32157bce916837c9,,,nan,,,,run_line,away,1.5,away_run_line,-185.0,0.7266458144300065,0.1101384246324125,0.2209405711255186,0,
unknown_game_status,4231dc4bed4b8aac32157bce916837c9,,,nan,,,,total,under,8.5,under_total,-105.0,0.6273978676313471,0.2259192792040075,0.2361656286442615,0,
unknown_game_status,4231dc4bed4b8aac32157bce916837c9,,,nan,,,,moneyline,away,,away_moneyline,112.0,0.5462134043067991,0.1486835060193031,0.1410468010092982,0,
unknown_game_status,5ea60d3f2b8cbb37652324db287ef423,,,nan,,,,run_line,home,1.5,home_run_line,-204.0,0.7525598528376587,0.1122922970391254,0.2477819526264825,0,
unknown_game_status,5ea60d3f2b8cbb37652324db287ef423,,,nan,,,,total,over,7.5,over_total,-107.0,0.5525579848940224,0.0633293688924002,0.0737950287306265,0,
unknown_game_status,63131db348d369a559938449619679e9,,,nan,,,,total,over,8.0,over_total,-114.0,0.734123003653872,0.3719150465175637,0.431023227819286,0,
unknown_game_status,63131db348d369a559938449619679e9,,,nan,,,,moneyline,away,,away_moneyline,112.0,0.4811913181319351,0.007764549995258,0.0179692807497343,0,
unknown_game_status,637539eefe84344993cdd0d125a3e0fa,,,nan,,,,run_line,away,1.5,away_run_line,-181.0,0.6513895528555123,0.0026730392704667,0.0204046435239893,0,
unknown_game_status,637539eefe84344993cdd0d125a3e0fa,,,nan,,,,total,under,8.0,under_total,-114.0,0.6406965094885109,0.2130538186641639,0.2310905303054133,0,
unknown_game_status,637539eefe84344993cdd0d125a3e0fa,,,nan,,,,moneyline,away,,away_moneyline,119.0,0.4818254178827275,0.0465974207187286,0.046384592574095,0,
unknown_game_status,76173d6fb6052a6141d640d803185876,,,nan,,,,run_line,away,1.5,away_run_line,-175.0,0.6618469464020108,0.0293229792666518,0.0700791026055296,0,
unknown_game_status,76173d6fb6052a6141d640d803185876,,,nan,,,,total,under,8.0,under_total,-117.0,0.691624929612326,0.2865690760401465,0.3308260972587474,0,
unknown_game_status,76173d6fb6052a6141d640d803185876,,,nan,,,,moneyline,away,,away_moneyline,119.0,0.4858524245700646,0.0532945875862192,0.0537956384944886,0,
unknown_game_status,923d805add7039794f2363537d65f6c3,,,nan,,,,run_line,home,1.5,home_run_line,-172.0,0.7210404951180179,0.1233778186362456,0.2412301467210088,0,
unknown_game_status,923d805add7039794f2363537d65f6c3,,,nan,,,,total,under,9.5,under_total,-121.0,0.7104434496060724,0.2976712596866656,0.3600800236294202,0,
unknown_game_status,a06835fe8f4774ce140569b5ea8415bf,,,nan,,,,run_line,home,1.5,home_run_line,-192.0,0.7346709088420154,0.1356785849750097,0.2252390538186851,0,
unknown_game_status,a06835fe8f4774ce140569b5ea8415bf,,,nan,,,,total,under,7.5,under_total,-105.0,0.5173779794759493,0.0141399716094002,0.010624857925696,0,
unknown_game_status,b266f49858dc754c6db869ecff6d52d5,,,nan,,,,run_line,home,1.5,home_run_line,-126.0,0.558624447766392,-0.0141671936888526,0.0024912519520457,0,
unknown_game_status,b266f49858dc754c6db869ecff6d52d5,,,nan,,,,total,under,9.0,under_total,-102.0,0.6088111816124245,0.2080376497318875,0.2097985868570973,0,
unknown_game_status,be47d30294aeb48696725d5dbe33216a,,,nan,,,,run_line,home,1.5,home_run_line,-135.0,0.5840668909300571,-0.0370131898624932,0.0225571936856342,0,
unknown_game_status,be47d30294aeb48696725d5dbe33216a,,,nan,,,,total,under,7.5,under_total,-109.0,0.5853558005367074,0.1270510065199013,0.1333936231217185,0,
unknown_game_status,d8627b6c88e823c4e5eadd5bb0041769,,,nan,,,,run_line,away,1.5,away_run_line,-156.0,0.636193526673187,0.0854821343696743,0.0686554282833585,0,
unknown_game_status,d8627b6c88e823c4e5eadd5bb0041769,,,nan,,,,total,over,8.5,over_total,-112.0,0.6155308533291107,0.1689339325295558,0.1849254090577147,0,
unknown_game_status,d8627b6c88e823c4e5eadd5bb0041769,,,nan,,,,moneyline,away,,away_moneyline,135.0,0.5015503454278409,0.2201155561998707,0.1323283790780935,0,
