game_id,sport,league,game_date,game_time,home_team,away_team,market_type,bet_side,line,take_bet,dk_odds_american,model_prob,ev,kelly,low_confidence,gamePk,gameNumber,game_status,final_scores_generated_at,final_home_score,final_away_score,final_total,home_run_line,away_run_line,total,bet_result
2c78d22f888a922842d18ab0938e9db4,baseball,mlb,2026_04_04,08:10 PM,Colorado Rockies,Philadelphia Phillies,run_line,home,1.5,home_run_line,129.0,0.5567064676572906,0.2748578109351955,0.2130680704923995,0,824378,1,final,2026-08-24T17:45:59.953030+00:00,1,2,3,1.5,-1.5,10.0,Win
2f55ab2592008c576ce6bba0557199d8,baseball,mlb,2026_04_04,01:10 PM,Detroit Tigers,St Louis Cardinals,run_line,away,1.5,away_run_line,-163.0,0.6837918560819274,0.1032960622671588,0.168372581495469,0,824295,1,final,2026-08-24T17:45:59.953030+00:00,11,6,17,,,,Loss
312f9e53b1d64ed1a38adc48dd3b1ce7,baseball,mlb,2026_04_04,07:15 PM,Arizona Diamondbacks,Atlanta Braves,run_line,away,-1.5,away_run_line,152.0,0.4271631197449573,0.0764510617572924,0.0502967511561133,0,825104,1,final,2026-08-24T17:45:59.953030+00:00,2,1,3,1.5,-1.5,9.5,Loss
312f9e53b1d64ed1a38adc48dd3b1ce7,baseball,mlb,2026_04_04,07:15 PM,Arizona Diamondbacks,Atlanta Braves,total,under,9.5,under_total,-109.0,0.7385147184567146,0.416051157407829,0.4534957615745336,0,825104,1,final,2026-08-24T17:45:59.953030+00:00,2,1,3,1.5,-1.5,9.5,Win
376d4054f0497d9efc59db45c18f76ae,baseball,mlb,2026_04_04,04:10 PM,Boston Red Sox,San Diego Padres,run_line,away,1.5,away_run_line,-175.0,0.7038705348126152,0.1060822689912524,0.1856439707346917,0,824782,1,final,2026-08-24T17:45:59.953030+00:00,2,3,5,-1.5,1.5,8.0,Win
415818bc74e8e550d87f1a25d6276e94,baseball,mlb,2026_04_04,09:05 PM,San Francisco Giants,New York Mets,run_line,home,1.5,home_run_line,-166.0,0.7171531944359317,0.1491731910840832,0.2476274971995783,0,823239,1,final,2026-08-24T17:45:59.953030+00:00,0,9,9,1.5,-1.5,7.5,Loss
415818bc74e8e550d87f1a25d6276e94,baseball,mlb,2026_04_04,09:05 PM,San Francisco Giants,New York Mets,moneyline,home,,home_moneyline,102.0,0.5308386658091029,0.0722941049343879,0.070876573465086,0,823239,1,final,2026-08-24T17:45:59.953030+00:00,0,9,9,1.5,-1.5,7.5,Loss
41fa4cec7f51caff22b1eab7e4523008,baseball,mlb,2026_04_04,07:05 PM,New York Yankees,Miami Marlins,run_line,away,1.5,away_run_line,-135.0,0.6061210755076096,0.0550996499576907,0.0743845274428825,0,823569,1,final,2026-08-24T17:45:59.953030+00:00,9,7,16,-1.5,1.5,8.0,Loss
489e828d67b83a0f938e9fc1910929af,baseball,mlb,2026_04_04,02:10 PM,Chicago White Sox,Toronto Blue Jays,run_line,home,1.5,home_run_line,-109.0,0.7491301219871431,0.4364054632597516,0.4756819549531291,0,824622,1,final,2026-08-24T17:45:59.953030+00:00,6,3,9,1.5,-1.5,8.5,Win
a17bc682d534fc4be2a0873853346c69,baseball,mlb,2026_04_04,09:38 PM,Los Angeles Angels,Seattle Mariners,run_line,home,1.5,home_run_line,-120.0,0.7669174055179985,0.4060152434496638,0.4872182921395965,0,824054,1,final,2026-08-24T17:45:59.953030+00:00,1,0,1,1.5,-1.5,9.5,Win
aa08785add4f89977cb0595e43894b03,baseball,mlb,2026_04_04,07:10 PM,Minnesota Twins,Tampa Bay Rays,run_line,away,-1.5,away_run_line,152.0,0.4419242423980926,0.1136490908431933,0.0747691387126271,0,823730,1,final,2026-08-24T17:45:59.953030+00:00,1,7,8,1.5,-1.5,7.5,Win
b3e6bdc5fabee63ec7b5666bb48e3a9a,baseball,mlb,2026_04_04,07:10 PM,Kansas City Royals,Milwaukee Brewers,run_line,home,1.5,home_run_line,-188.0,0.7523035996161483,0.152465088773674,0.2866343668945072,0,824134,2,final,2026-08-24T17:45:59.953030+00:00,8,2,10,1.5,-1.5,8.0,Win
b8f46c3336a07f5da37ff815cf155d69,baseball,mlb,2026_04_04,07:05 PM,Texas Rangers,Cincinnati Reds,run_line,away,1.5,away_run_line,-172.0,0.7504487469006981,0.186756157889476,0.3212205915698988,0,822920,1,final,2026-08-24T17:45:59.953030+00:00,0,2,2,-1.5,1.5,8.0,Win
bb76dc664e8c6ea5005c7c5328bb484f,baseball,mlb,2026_04_04,04:05 PM,Athletics,Houston Astros,run_line,away,-1.5,away_run_line,135.0,0.4713762849307138,0.1077342695871774,0.0798031626571684,0,825027,1,final,2026-08-24T17:45:59.953030+00:00,0,11,11,,,,Win
cb5d17981ace91c9c0c11d20c49ea047,baseball,mlb,2026_04_04,04:05 PM,Washington Nationals,Los Angeles Dodgers,run_line,away,-1.5,away_run_line,-175.0,0.7508074238266628,0.1798402374418986,0.3147204155233225,0,822757,1,final,2026-08-24T17:45:59.953030+00:00,5,10,15,1.5,-1.5,9.5,Win
da18e0cacf2048f6b3e14df98e9a184c,baseball,mlb,2026_04_04,04:05 PM,Pittsburgh Pirates,Baltimore Orioles,run_line,home,1.5,home_run_line,-181.0,0.7330293883591585,0.1380180007122846,0.2498125812892354,0,823404,1,final,2026-08-24T17:45:59.953030+00:00,3,2,5,1.5,-1.5,8.5,Win
