"last_name, first_name",player_id,year,player_age,ab,pa,hit,single,double,triple,home_run,strikeout,walk,k_percent,bb_percent,batting_avg,slg_percent,on_base_percent,on_base_plus_slg,xba,xslg,woba,xwoba,xobp,xiso,avg_swing_speed,fast_swing_rate,blasts_contact,blasts_swing,squared_up_contact,squared_up_swing,avg_swing_length,swords,attack_angle,attack_direction,ideal_angle_rate,vertical_swing_path,exit_velocity_avg,launch_angle_avg,sweet_spot_percent,barrel_batted_rate,hard_hit_percent,avg_best_speed,avg_hyper_speed,whiff_percent,swing_percent,name,team,type,stadium,location,temperature,wind_speed,wind_direction,humidity,precipitation,condition,notes,game_time,adj_woba_weather,adj_woba_park,adj_woba_combined
"Carter, Evan",694497,2025,22,134,151,36,24,7,1,4,28,14,18.5,9.3,0.269,0.425,0.351,0.776,0.248,0.376,0.34,0.313,0.332,0.129,70.1,7.9,15.6,11.2,40.3,29.0,7.2,4,8.9,-9.1,46.5,32.5,86.9,14.3,31.1,6.6,34.9,98.135818491,93.071919623,28.5,43.8,"Carter, Evan",Rangers,batter,Rangers,"Globe Life Field, Arlington",77.4,9.4,S,78,0.0,Partly Cloudy,Roof closed,7:05 PM,0.34,0.3196,0.3298
"Davis, Henry",680779,2025,25,131,146,26,17,5,0,4,34,10,23.3,6.8,0.198,0.328,0.259,0.587,0.245,0.421,0.26,0.316,0.304,0.176,74.0,40.0,12.1,9.1,26.8,20.0,7.3,5,7.6,-5.2,53.6,26.6,87.2,23.6,35.4,9.1,33.3,99.395734082,93.807389184,26.7,55.4,"Davis, Henry",Pirates,batter,Pirates,"PNC Park, Pittsburgh",59.0,3.1,NE,83,0.0,Sunny,Roof open,6:40 PM,0.2548,0.2626,0.25870000000000004
"Carroll, Corbin",682998,2025,24,322,361,79,33,15,10,21,93,31,25.8,8.6,0.245,0.55,0.324,0.874,0.27,0.56,0.37,0.383,0.346,0.29,74.7,46.0,19.6,14.7,30.1,22.6,7.3,12,10.7,-3.1,71.2,25.3,93.0,16.7,32.6,15.2,50.9,104.224905789,96.752334825,26.3,49.0,"Carroll, Corbin",Diamondbacks,batter,Diamondbacks,"Chase Field, Phoenix",86.2,2.2,NNE,48,0.0,Partly cloudy,Roof closed,7:15 PM,0.3774,0.3959,0.38665
"Adams, Riley",656180,2025,29,105,111,16,8,4,0,4,47,5,42.3,4.5,0.152,0.305,0.198,0.503,0.183,0.346,0.221,0.25,0.227,0.164,77.9,76.3,16.0,10.3,21.6,13.9,7.8,8,9.1,-0.5,42.3,34.4,91.8,7.5,22.4,10.3,48.3,102.779778276,95.864741228,38.2,49.7,"Adams, Riley",Nationals,batter,Nationals,"Nationals Park, Washington",70.0,4.5,NNE,76,0.0,Cloudy,Roof open,6:45 PM,0.221,0.21658,0.21878999999999998
"Aranda, Jonathan",666018,2025,27,315,358,102,71,20,0,11,85,33,23.7,9.2,0.324,0.492,0.399,0.891,0.305,0.54,0.387,0.399,0.386,0.235,70.5,14.7,16.8,12.9,32.5,24.9,7.3,8,10.2,3.6,57.8,35.7,93.1,14.9,41.4,12.1,55.7,102.757823913,96.344685764,24.7,48.5,"Aranda, Jonathan",Rays,batter,Rays,"George M. Steinbrenner Field, St. Petersburg",84.0,2.5,WSW,85,0.0,Partly cloudy,Roof closed,7:05 PM,0.387,0.38313,0.385065
"Beck, Jordan",687597,2025,24,311,337,82,50,18,4,10,94,22,27.9,6.5,0.264,0.444,0.318,0.762,0.252,0.44,0.33,0.325,0.308,0.188,73.7,38.4,15.7,11.1,28.3,19.9,7.7,6,9.9,-3.6,53.8,31.9,88.5,14.7,37.2,11.5,41.3,100.835465741,94.600614791,30.7,48.0,"Beck, Jordan",Rockies,batter,Rockies,"Coors Field, Denver",68.7,3.4,SW,55,0.0,Partly cloudy,Roof open,8:10 PM,0.33,0.3894,0.3597
"Young, Jacob",696285,2025,25,198,226,47,39,7,1,0,32,18,14.2,8.0,0.237,0.283,0.307,0.59,0.261,0.322,0.27,0.294,0.329,0.062,68.6,2.4,11.1,9.4,40.2,34.3,7.0,6,4.7,3.6,45.8,30.5,87.0,2.3,22.4,1.7,29.9,97.745196623,92.959124935,16.2,44.6,"Young, Jacob",Nationals,batter,Nationals,"Nationals Park, Washington",70.0,4.5,NNE,76,0.0,Cloudy,Roof open,6:45 PM,0.27,0.2646,0.2673
"Wagner, Will",695238,2025,26,86,100,19,14,5,0,0,22,11,22.0,11.0,0.221,0.279,0.323,0.602,0.253,0.329,0.28,0.311,0.351,0.076,68.7,4.2,8.2,6.3,25.9,19.8,6.4,1,5.2,-0.9,37.5,31.6,86.5,10.3,35.4,3.1,38.5,97.965840625,93.084315873,22.6,50.3,"Wagner, Will",Blue Jays,batter,Blue Jays,"Rogers Centre, Toronto",61.0,5.1,NNE,72,0.0,Sunny,Roof closed,3:07 PM,0.28,0.294,0.28700000000000003
"Stowers, Kyle",669065,2025,27,304,346,89,54,13,3,19,97,34,28.0,9.8,0.293,0.543,0.368,0.911,0.284,0.567,0.389,0.394,0.362,0.283,75.1,52.8,18.2,12.6,28.9,20.0,6.8,22,11.4,0.2,50.6,33.7,91.7,14.0,38.9,19.4,53.6,103.840115143,96.612065407,33.3,54.7,"Stowers, Kyle",Marlins,batter,Marlins,"loanDepot park, Miami",81.0,4.3,S,82,0.0,Partly cloudy,Roof closed,4:10 PM,0.389,0.36955,0.37927500000000003
"Ramirez, Jose",608070,2025,32,346,391,102,66,17,1,18,44,35,11.3,9.0,0.295,0.506,0.363,0.869,0.292,0.465,0.364,0.35,0.363,0.173,71.1,18.0,14.3,12.2,36.5,31.3,7.2,12,9.3,-9.3,62.5,29.9,89.5,20.6,36.5,7.8,39.7,99.667381104,94.083615212,16.1,47.1,"Ramirez, Jose",Guardians,batter,Guardians,"Progressive Field, Cleveland",63.0,3.4,ESE,75,0.0,Sunny,Roof open,7:10 PM,0.364,0.3458,0.3549
"Suarez, Eugenio",553993,2025,33,348,391,87,38,18,0,31,105,25,26.9,6.4,0.25,0.569,0.32,0.889,0.235,0.508,0.375,0.348,0.309,0.273,72.4,25.1,16.1,11.5,33.6,24.1,7.8,38,18.7,-5.4,43.1,38.4,90.9,23.2,32.3,13.7,50.0,101.635116129,95.304895403,31.0,50.7,"Suarez, Eugenio",Diamondbacks,batter,Diamondbacks,"Chase Field, Phoenix",86.2,2.2,NNE,48,0.0,Partly cloudy,Roof closed,7:15 PM,0.3825,0.40125,0.391875
"Hoerner, Nico",663538,2025,28,350,378,99,75,18,3,3,28,21,7.4,5.6,0.283,0.377,0.331,0.708,0.278,0.367,0.313,0.305,0.326,0.089,68.5,3.6,8.4,7.6,40.0,36.4,7.2,8,5.7,-2.0,48.0,33.7,86.7,13.9,33.3,2.5,27.5,96.137503851,92.120069379,10.7,49.0,"Hoerner, Nico",Cubs,batter,Cubs,"Wrigley Field, Chicago",69.1,5.4,SE,84,0.0,Partly cloudy,Roof open,7:15 PM,0.313,0.30361,0.308305
"Kemp, Otto",805249,2025,25,89,98,22,16,5,0,1,28,5,28.6,5.1,0.247,0.337,0.316,0.653,0.278,0.446,0.295,0.345,0.344,0.169,72.9,30.2,16.8,11.2,33.6,22.5,7.6,4,12.2,-8.2,45.0,34.8,92.2,11.4,42.6,11.5,49.2,101.964436,95.514643,33.7,55.3,"Kemp, Otto",Phillies,batter,Phillies,"Citizens Bank Park, Philadelphia",68.2,6.5,NNE,61,0.0,Sunny,Roof open,6:05 PM,0.295,0.30385,0.299425
"Shaw, Matt",807713,2025,23,207,232,41,28,11,0,2,45,21,19.4,9.1,0.198,0.28,0.276,0.556,0.245,0.35,0.253,0.301,0.32,0.105,69.3,11.7,8.1,6.6,26.3,21.3,6.8,10,9.3,3.9,59.3,26.9,83.3,10.7,34.1,4.3,26.8,95.666669136,91.906799259,21.6,47.7,"Shaw, Matt",Cubs,batter,Cubs,"Wrigley Field, Chicago",69.1,5.4,SE,84,0.0,Partly cloudy,Roof open,7:15 PM,0.253,0.24541,0.249205
"Sanchez, Jesus",660821,2025,27,266,293,69,47,11,4,7,62,24,21.2,8.2,0.259,0.41,0.321,0.731,0.27,0.486,0.319,0.35,0.331,0.216,75.7,57.9,18.0,13.4,30.9,23.0,6.9,8,7.4,-2.2,51.7,27.0,92.0,11.0,29.6,11.7,44.7,103.007193301,95.845672767,25.7,50.0,"Sanchez, Jesus",Marlins,batter,Marlins,"loanDepot park, Miami",81.0,4.3,S,82,0.0,Partly cloudy,Roof closed,4:10 PM,0.319,0.30305,0.311025
"Olson, Matt",621566,2025,31,359,420,94,54,23,0,17,99,56,23.6,13.3,0.262,0.468,0.362,0.83,0.268,0.536,0.36,0.386,0.369,0.268,73.6,40.3,18.0,13.7,29.0,22.0,7.4,10,8.6,1.3,50.7,33.9,93.8,14.7,38.4,16.7,54.8,104.224958182,97.052059392,24.7,44.7,"Olson, Matt",Braves,batter,Braves,"Truist Park, Atlanta",75.9,5.1,NW,84,0.0,Partly Cloudy,Roof open,7:15 PM,0.36,0.3528,0.3564
"Bell, Josh",605137,2025,32,288,326,63,42,9,1,11,57,34,17.5,10.4,0.219,0.372,0.307,0.679,0.253,0.442,0.301,0.341,0.339,0.189,72.5,29.8,18.1,13.7,35.7,27.0,8.0,6,10.0,-2.8,56.7,33.6,89.8,9.3,30.2,10.3,44.4,102.246609123,95.39619193,25.5,46.6,"Bell, Josh",Nationals,batter,Nationals,"Nationals Park, Washington",70.0,4.5,NNE,76,0.0,Cloudy,Roof open,6:45 PM,0.301,0.2949799999999999,0.29799
"Suzuki, Seiya",673548,2025,30,369,407,97,45,24,3,25,109,33,26.8,8.1,0.263,0.547,0.319,0.866,0.271,0.537,0.365,0.365,0.329,0.266,73.5,37.7,20.7,16.2,35.4,27.7,7.2,16,8.5,-2.9,51.5,30.8,92.5,18.6,43.4,18.5,50.9,103.629322556,96.343105962,24.8,42.3,"Suzuki, Seiya",Cubs,batter,Cubs,"Wrigley Field, Chicago",69.1,5.4,SE,84,0.0,Partly cloudy,Roof open,7:15 PM,0.365,0.35405,0.359525
"Rocchio, Brayan",677587,2025,24,126,142,24,15,8,0,1,28,7,19.7,4.9,0.19,0.278,0.252,0.53,0.235,0.335,0.238,0.282,0.297,0.101,70.3,7.5,10.7,7.9,33.9,25.0,7.3,3,11.1,-3.9,53.5,30.1,86.9,9.7,34.0,2.9,30.1,97.219700816,92.677734227,25.3,53.1,"Rocchio, Brayan",Guardians,batter,Guardians,"Progressive Field, Cleveland",63.0,3.4,ESE,75,0.0,Sunny,Roof open,7:10 PM,0.238,0.2260999999999999,0.23204999999999995
"Gonzales, Nick",693304,2025,26,132,144,35,24,5,2,4,22,11,15.3,7.6,0.265,0.424,0.319,0.743,0.289,0.451,0.323,0.344,0.342,0.162,70.8,16.7,13.9,11.0,37.2,29.4,7.5,10,8.4,1.9,55.3,33.3,88.4,8.9,36.9,7.2,41.4,99.453289643,94.05121,23.8,55.3,"Gonzales, Nick",Pirates,batter,Pirates,"PNC Park, Pittsburgh",59.0,3.1,NE,83,0.0,Sunny,Roof open,6:40 PM,0.31654,0.32623,0.32138500000000003
"Clement, Ernie",676391,2025,29,313,342,90,67,19,0,4,35,20,10.2,5.8,0.288,0.387,0.328,0.715,0.265,0.352,0.313,0.293,0.311,0.087,67.1,2.0,8.6,7.7,43.1,38.5,7.0,21,11.8,-2.6,59.8,32.0,86.8,16.7,35.0,1.7,25.5,96.018081277,92.062554235,14.4,53.3,"Clement, Ernie",Blue Jays,batter,Blue Jays,"Rogers Centre, Toronto",61.0,5.1,NNE,72,0.0,Sunny,Roof closed,3:07 PM,0.313,0.32865,0.320825
"Vientos, Mark",668901,2025,25,233,254,52,34,10,2,6,62,17,24.4,6.7,0.223,0.361,0.28,0.641,0.241,0.374,0.281,0.293,0.296,0.133,70.7,10.9,14.4,10.2,36.9,26.2,7.5,15,14.1,3.0,64.4,32.3,90.9,10.5,33.5,7.5,48.0,101.229582644,95.249845665,31.0,50.7,"Vientos, Mark",Mets,batter,Mets,"Citi Field, Queens",68.5,9.8,NE,59,0.0,Partly cloudy,Roof open,4:10 PM,0.281,0.26976,0.27538
"Freeman, Freddie",518692,2025,35,317,356,94,58,25,1,10,80,33,22.5,9.3,0.297,0.476,0.365,0.841,0.278,0.471,0.36,0.353,0.351,0.193,69.5,6.8,15.2,11.3,35.9,26.6,6.9,7,11.0,1.4,48.2,42.9,91.0,14.4,38.3,9.2,45.8,100.714303167,94.971913333,28.2,52.2,"Freeman, Freddie",Dodgers,batter,Dodgers,"Dodger Stadium, Los Angeles",66.0,4.5,SE,78,0.0,Overcast,Roof open,9:10 PM,0.36,0.3816,0.3708
"Walls, Taylor",670764,2025,28,227,258,49,38,7,1,3,53,24,20.5,9.3,0.216,0.295,0.284,0.579,0.218,0.309,0.26,0.269,0.289,0.092,68.4,2.0,6.6,5.3,34.7,27.5,7.0,3,9.8,4.4,55.2,34.1,86.9,15.7,33.1,2.8,26.7,95.992430575,92.051789942,19.2,45.4,"Walls, Taylor",Rays,batter,Rays,"George M. Steinbrenner Field, St. Petersburg",84.0,2.5,WSW,85,0.0,Partly cloudy,Roof closed,7:05 PM,0.26,0.2574,0.25870000000000004
"House, Brady",691781,2025,22,93,98,24,17,5,0,2,23,4,23.5,4.1,0.258,0.376,0.286,0.662,0.291,0.414,0.288,0.316,0.317,0.123,72.1,19.0,16.9,12.1,33.9,24.1,7.5,3,8.1,4.2,48.3,35.5,89.7,9.9,35.2,4.2,42.3,101.079811143,94.63263,32.0,60.4,"House, Brady",Nationals,batter,Nationals,"Nationals Park, Washington",70.0,4.5,NNE,76,0.0,Cloudy,Roof open,6:45 PM,0.288,0.28224,0.28512
"Stallings, Jacob",607732,2025,35,105,115,15,11,4,0,0,37,6,32.2,5.2,0.143,0.181,0.211,0.392,0.167,0.229,0.185,0.212,0.233,0.061,67.2,0.0,3.4,2.4,31.5,22.2,7.2,13,12.0,3.4,50.9,31.9,85.3,14.2,34.8,1.4,27.5,94.932331471,91.466720441,34.4,55.9,"Stallings, Jacob",Rockies,batter,Rockies,"Coors Field, Denver",68.7,3.4,SW,55,0.0,Partly cloudy,Roof open,8:10 PM,0.185,0.2183,0.20165
"Rushing, Dalton",687221,2025,24,68,75,15,11,3,0,1,33,7,44.0,9.3,0.221,0.309,0.293,0.602,0.199,0.345,0.272,0.275,0.274,0.146,73.2,27.5,18.8,11.0,34.4,20.2,7.6,4,14.5,-6.8,57.8,34.7,91.9,23.4,40.0,11.4,48.6,102.343661667,95.973092857,40.8,41.9,"Rushing, Dalton",Dodgers,batter,Dodgers,"Dodger Stadium, Los Angeles",66.0,4.5,SE,78,0.0,Overcast,Roof open,9:10 PM,0.272,0.28832,0.28016
"Herrera, Jose",645444,2025,28,127,159,25,18,6,0,1,36,19,22.6,11.9,0.197,0.268,0.302,0.57,0.172,0.226,0.265,0.245,0.285,0.054,66.7,1.0,4.2,3.4,33.3,27.2,7.2,3,6.9,-4.7,46.6,33.1,83.1,17.8,30.1,1.0,21.4,93.388648298,90.914996344,18.4,36.8,"Herrera, Jose",Diamondbacks,batter,Diamondbacks,"Chase Field, Phoenix",86.2,2.2,NNE,48,0.0,Partly cloudy,Roof closed,7:15 PM,0.2703,0.28355,0.276925
"Herrera, Jose",645444,2025,28,127,159,25,18,6,0,1,36,19,22.6,11.9,0.197,0.268,0.302,0.57,0.172,0.226,0.265,0.245,0.285,0.054,66.7,1.0,4.2,3.4,33.3,27.2,7.2,3,6.9,-4.7,46.6,33.1,83.1,17.8,30.1,1.0,21.4,93.388648298,90.914996344,18.4,36.8,"Herrera, Jose",Diamondbacks,batter,Diamondbacks,"Chase Field, Phoenix",86.2,2.2,NNE,48,0.0,Partly cloudy,Roof closed,7:15 PM,0.2703,0.28355,0.276925
"Herrera, Jose",645444,2025,28,127,159,25,18,6,0,1,36,19,22.6,11.9,0.197,0.268,0.302,0.57,0.172,0.226,0.265,0.245,0.285,0.054,66.7,1.0,4.2,3.4,33.3,27.2,7.2,3,6.9,-4.7,46.6,33.1,83.1,17.8,30.1,1.0,21.4,93.388648298,90.914996344,18.4,36.8,"Herrera, Jose",Diamondbacks,pitcher,Diamondbacks,"Chase Field, Phoenix",86.2,2.2,NNE,48,0.0,Partly cloudy,Roof closed,7:15 PM,0.2703,0.28355,0.276925
"Herrera, Jose",645444,2025,28,127,159,25,18,6,0,1,36,19,22.6,11.9,0.197,0.268,0.302,0.57,0.172,0.226,0.265,0.245,0.285,0.054,66.7,1.0,4.2,3.4,33.3,27.2,7.2,3,6.9,-4.7,46.6,33.1,83.1,17.8,30.1,1.0,21.4,93.388648298,90.914996344,18.4,36.8,"Herrera, Jose",Diamondbacks,pitcher,Diamondbacks,"Chase Field, Phoenix",86.2,2.2,NNE,48,0.0,Partly cloudy,Roof closed,7:15 PM,0.2703,0.28355,0.276925
"Caballero, Jose",676609,2025,28,210,243,46,31,12,1,2,73,26,30.0,10.7,0.219,0.314,0.313,0.627,0.216,0.308,0.285,0.282,0.311,0.092,69.0,8.8,8.1,5.9,28.2,20.6,6.8,12,11.0,-1.3,50.7,32.2,85.1,18.4,41.1,4.3,26.2,96.924240606,92.493612045,28.3,44.8,"Caballero, Jose",Rays,batter,Rays,"George M. Steinbrenner Field, St. Petersburg",84.0,2.5,WSW,85,0.0,Partly cloudy,Roof closed,7:05 PM,0.285,0.2821499999999999,0.2835749999999999
"Caballero, Jose",676609,2025,28,210,243,46,31,12,1,2,73,26,30.0,10.7,0.219,0.314,0.313,0.627,0.216,0.308,0.285,0.282,0.311,0.092,69.0,8.8,8.1,5.9,28.2,20.6,6.8,12,11.0,-1.3,50.7,32.2,85.1,18.4,41.1,4.3,26.2,96.924240606,92.493612045,28.3,44.8,"Caballero, Jose",Rays,batter,Rays,"George M. Steinbrenner Field, St. Petersburg",84.0,2.5,WSW,85,0.0,Partly cloudy,Roof closed,7:05 PM,0.285,0.2821499999999999,0.2835749999999999
"Caballero, Jose",676609,2025,28,210,243,46,31,12,1,2,73,26,30.0,10.7,0.219,0.314,0.313,0.627,0.216,0.308,0.285,0.282,0.311,0.092,69.0,8.8,8.1,5.9,28.2,20.6,6.8,12,11.0,-1.3,50.7,32.2,85.1,18.4,41.1,4.3,26.2,96.924240606,92.493612045,28.3,44.8,"Caballero, Jose",Rays,pitcher,Rays,"George M. Steinbrenner Field, St. Petersburg",84.0,2.5,WSW,85,0.0,Partly cloudy,Roof closed,7:05 PM,0.285,0.2821499999999999,0.2835749999999999
"Caballero, Jose",676609,2025,28,210,243,46,31,12,1,2,73,26,30.0,10.7,0.219,0.314,0.313,0.627,0.216,0.308,0.285,0.282,0.311,0.092,69.0,8.8,8.1,5.9,28.2,20.6,6.8,12,11.0,-1.3,50.7,32.2,85.1,18.4,41.1,4.3,26.2,96.924240606,92.493612045,28.3,44.8,"Caballero, Jose",Rays,pitcher,Rays,"George M. Steinbrenner Field, St. Petersburg",84.0,2.5,WSW,85,0.0,Partly cloudy,Roof closed,7:05 PM,0.285,0.2821499999999999,0.2835749999999999
"Kwan, Steven",680757,2025,27,361,404,103,76,20,1,6,34,33,8.4,8.2,0.285,0.396,0.345,0.741,0.278,0.374,0.325,0.316,0.342,0.096,63.5,1.1,4.0,3.7,41.5,38.1,6.4,6,3.2,-3.0,35.9,35.7,86.1,13.5,38.6,2.1,20.7,94.642394049,91.321707577,9.3,41.3,"Kwan, Steven",Guardians,batter,Guardians,"Progressive Field, Cleveland",63.0,3.4,ESE,75,0.0,Sunny,Roof open,7:10 PM,0.325,0.3087499999999999,0.31687499999999996
"Higashioka, Kyle",543309,2025,35,166,180,40,28,8,0,4,33,11,18.3,6.1,0.241,0.361,0.294,0.655,0.227,0.363,0.29,0.282,0.282,0.136,71.0,8.4,14.0,11.7,41.9,35.2,7.2,8,13.4,-7.2,56.8,32.2,90.7,17.5,35.1,6.0,40.3,98.87555,93.853349621,19.3,43.5,"Higashioka, Kyle",Rangers,batter,Rangers,"Globe Life Field, Arlington",77.4,9.4,S,78,0.0,Partly Cloudy,Roof closed,7:05 PM,0.29,0.2725999999999999,0.28129999999999994
"Naylor, Josh",647304,2025,28,327,369,96,66,18,1,11,46,35,12.5,9.5,0.294,0.456,0.361,0.817,0.293,0.457,0.352,0.356,0.366,0.165,71.0,18.4,17.4,14.1,38.6,31.3,7.5,16,6.7,-8.0,44.5,31.0,89.1,11.0,32.3,6.7,41.4,100.447554507,94.436042359,21.0,53.5,"Naylor, Josh",Diamondbacks,batter,Diamondbacks,"Chase Field, Phoenix",86.2,2.2,NNE,48,0.0,Partly cloudy,Roof closed,7:15 PM,0.3590399999999999,0.37664,0.36783999999999994
"Jones, Nolan",666134,2025,27,227,261,52,37,10,2,3,68,28,26.1,10.7,0.229,0.33,0.319,0.649,0.256,0.425,0.292,0.338,0.345,0.169,72.6,31.4,14.3,10.7,32.7,24.4,6.9,10,8.8,0.1,46.7,35.6,91.5,13.3,40.1,8.0,46.9,101.539748375,95.394317044,25.2,44.5,"Jones, Nolan",Guardians,batter,Guardians,"Progressive Field, Cleveland",63.0,3.4,ESE,75,0.0,Sunny,Roof open,7:10 PM,0.292,0.2774,0.28469999999999995
"Nimmo, Brandon",607043,2025,32,348,383,90,55,17,0,18,73,29,19.1,7.6,0.259,0.463,0.321,0.784,0.268,0.462,0.339,0.342,0.33,0.194,71.8,21.6,18.5,14.9,35.6,28.7,7.2,13,6.7,1.8,49.0,29.1,92.0,12.5,29.6,9.7,50.9,102.023003525,95.797349061,21.0,48.1,"Nimmo, Brandon",Mets,batter,Mets,"Citi Field, Queens",68.5,9.8,NE,59,0.0,Partly cloudy,Roof open,4:10 PM,0.339,0.32544,0.33222
"Stott, Bryson",681082,2025,27,312,348,73,56,9,2,6,59,31,17.0,8.9,0.234,0.333,0.303,0.636,0.242,0.379,0.285,0.303,0.311,0.137,69.1,4.8,9.3,8.0,32.6,28.0,7.2,9,7.1,3.2,49.8,33.3,87.1,14.7,36.2,5.1,28.8,97.12025378,92.612334466,16.5,39.7,"Stott, Bryson",Phillies,batter,Phillies,"Citizens Bank Park, Philadelphia",68.2,6.5,NNE,61,0.0,Sunny,Roof open,6:05 PM,0.285,0.29355,0.28927499999999995
"Schneemann, Daniel",682177,2025,28,214,239,46,27,10,0,9,60,23,25.1,9.6,0.215,0.388,0.294,0.682,0.236,0.447,0.299,0.328,0.314,0.21,71.5,14.6,15.8,11.4,34.6,24.9,7.1,14,14.1,3.2,49.2,34.4,87.9,7.4,33.5,12.9,38.7,99.931638684,94.128251776,29.7,46.5,"Schneemann, Daniel",Guardians,batter,Guardians,"Progressive Field, Cleveland",63.0,3.4,ESE,75,0.0,Sunny,Roof open,7:10 PM,0.299,0.2840499999999999,0.2915249999999999
"Allen, Nick",669397,2025,26,248,283,59,51,8,0,0,63,24,22.3,8.5,0.238,0.27,0.309,0.579,0.233,0.276,0.266,0.266,0.306,0.043,64.4,0.0,4.5,3.7,35.9,29.1,6.3,14,6.8,0.3,47.8,30.1,84.6,11.6,32.6,0.0,21.2,94.597198387,91.312078763,20.3,47.3,"Allen, Nick",Braves,batter,Braves,"Truist Park, Atlanta",75.9,5.1,NW,84,0.0,Partly Cloudy,Roof open,7:15 PM,0.266,0.26068,0.26334
"Lukes, Nathan",664770,2025,30,181,216,50,38,7,0,5,27,26,12.5,12.0,0.276,0.398,0.371,0.769,0.277,0.383,0.34,0.335,0.372,0.106,67.0,5.2,9.6,8.2,35.6,30.5,6.4,5,7.1,7.7,43.9,31.9,88.6,7.4,30.4,4.3,35.4,97.99243026,93.137083856,14.7,47.6,"Lukes, Nathan",Blue Jays,batter,Blue Jays,"Rogers Centre, Toronto",61.0,5.1,NNE,72,0.0,Sunny,Roof closed,3:07 PM,0.34,0.357,0.34850000000000003
"Schwarber, Kyle",656941,2025,32,352,426,87,43,13,1,30,112,66,26.3,15.5,0.247,0.545,0.378,0.923,0.273,0.603,0.394,0.42,0.399,0.33,76.9,75.2,25.1,18.1,34.0,24.5,7.5,29,14.3,-5.7,64.9,30.1,94.1,18.7,35.4,17.9,58.3,105.285401167,97.80994625,31.7,39.8,"Schwarber, Kyle",Phillies,batter,Phillies,"Citizens Bank Park, Philadelphia",68.2,6.5,NNE,61,0.0,Sunny,Roof open,6:05 PM,0.394,0.40582,0.39991
"Sosa, Edmundo",624641,2025,29,133,144,37,25,8,1,3,29,7,20.1,4.9,0.278,0.421,0.322,0.743,0.267,0.4,0.323,0.309,0.312,0.132,72.1,24.4,14.0,10.6,28.5,21.7,8.1,2,8.9,-0.3,55.9,34.5,87.0,9.6,36.8,4.7,36.8,99.079842642,93.603057619,24.5,56.3,"Sosa, Edmundo",Phillies,batter,Phillies,"Citizens Bank Park, Philadelphia",68.2,6.5,NNE,61,0.0,Sunny,Roof open,6:05 PM,0.323,0.33269,0.327845
"Thomas, Alek",677950,2025,25,257,281,63,44,12,2,5,73,15,26.0,5.3,0.245,0.366,0.295,0.661,0.244,0.377,0.291,0.297,0.296,0.133,71.7,16.6,16.3,12.5,34.0,26.1,7.0,18,9.9,1.2,60.8,27.3,90.5,3.6,26.5,6.9,40.7,100.970412174,94.820938587,25.8,50.7,"Thomas, Alek",Diamondbacks,batter,Diamondbacks,"Chase Field, Phoenix",86.2,2.2,NNE,48,0.0,Partly cloudy,Roof closed,7:15 PM,0.29682,0.31137,0.304095
"Perdomo, Geraldo",672695,2025,25,351,427,93,62,20,1,10,51,58,11.9,13.6,0.265,0.413,0.37,0.783,0.265,0.409,0.346,0.347,0.373,0.145,68.0,4.4,10.7,9.5,38.1,33.9,6.8,15,6.9,-1.7,48.3,35.0,88.1,14.4,36.5,6.1,32.7,97.368228874,92.771620066,12.3,39.1,"Perdomo, Geraldo",Diamondbacks,batter,Diamondbacks,"Chase Field, Phoenix",86.2,2.2,NNE,48,0.0,Partly cloudy,Roof closed,7:15 PM,0.3529199999999999,0.37022,0.36156999999999995
"Osuna, Alejandro",696030,2025,22,66,80,11,9,1,0,1,17,11,21.3,13.8,0.167,0.227,0.287,0.514,0.28,0.442,0.24,0.366,0.391,0.162,71.8,21.2,15.6,12.7,25.0,20.3,7.2,0,4.7,4.4,46.6,29.0,90.5,12.0,37.3,7.8,45.1,100.7777164,94.722778163,17.7,42.9,"Osuna, Alejandro",Rangers,batter,Rangers,"Globe Life Field, Arlington",77.4,9.4,S,78,0.0,Partly Cloudy,Roof closed,7:05 PM,0.24,0.2255999999999999,0.23279999999999995
"Noel, Jhonkensy",678877,2025,23,107,111,15,11,2,0,2,35,3,31.5,2.7,0.14,0.215,0.162,0.377,0.157,0.234,0.166,0.181,0.179,0.078,77.7,71.2,13.2,9.1,20.4,14.2,7.6,6,7.1,-3.6,42.0,29.6,89.0,12.4,17.8,4.1,38.4,102.878819459,95.635262603,34.4,59.5,"Noel, Jhonkensy",Guardians,batter,Guardians,"Progressive Field, Cleveland",63.0,3.4,ESE,75,0.0,Sunny,Roof open,7:10 PM,0.166,0.1577,0.16185
"Garcia, Adolis",666969,2025,32,342,373,80,48,19,0,13,92,20,24.7,5.4,0.234,0.404,0.279,0.683,0.253,0.479,0.295,0.335,0.3,0.226,72.5,26.9,18.6,13.2,36.9,26.2,7.6,10,8.9,-0.6,63.0,28.0,92.8,19.0,33.9,13.6,48.6,102.332219535,95.848827977,31.2,52.3,"Garcia, Adolis",Rangers,batter,Rangers,"Globe Life Field, Arlington",77.4,9.4,S,78,0.0,Partly Cloudy,Roof closed,7:05 PM,0.295,0.2773,0.28615
"Cruz, Oneil",665833,2025,26,307,360,65,36,12,1,16,116,47,32.2,13.1,0.212,0.414,0.319,0.733,0.244,0.489,0.319,0.364,0.352,0.245,78.6,76.4,26.3,17.6,33.2,22.3,7.8,11,9.6,-7.7,50.6,33.6,96.3,8.6,36.6,22.2,57.7,108.1814475,99.331295156,34.1,39.9,"Cruz, Oneil",Pirates,batter,Pirates,"PNC Park, Pittsburgh",59.0,3.1,NE,83,0.0,Sunny,Roof open,6:40 PM,0.31262,0.32219,0.317405
"Albies, Ozzie",645277,2025,28,364,403,80,60,12,1,7,62,33,15.4,8.2,0.22,0.316,0.29,0.606,0.233,0.343,0.273,0.289,0.304,0.11,68.6,6.2,8.7,7.0,36.1,28.8,7.2,11,12.4,-5.6,58.9,34.7,87.4,20.1,33.9,3.6,29.6,96.741446579,92.427660033,21.9,53.8,"Albies, Ozzie",Braves,batter,Braves,"Truist Park, Atlanta",75.9,5.1,NW,84,0.0,Partly Cloudy,Roof open,7:15 PM,0.273,0.26754,0.27027
"Rojas, Miguel",500743,2025,36,130,139,33,22,6,0,5,18,8,12.9,5.8,0.254,0.415,0.297,0.712,0.248,0.365,0.31,0.288,0.292,0.117,68.2,4.5,8.9,7.5,39.1,33.2,7.2,5,8.2,-4.6,51.3,32.8,86.9,13.5,34.5,4.4,25.7,96.173872,92.087411545,16.1,46.5,"Rojas, Miguel",Dodgers,batter,Dodgers,"Dodger Stadium, Los Angeles",66.0,4.5,SE,78,0.0,Overcast,Roof open,9:10 PM,0.31,0.3286,0.31930000000000003
"Rojas, Miguel",500743,2025,36,130,139,33,22,6,0,5,18,8,12.9,5.8,0.254,0.415,0.297,0.712,0.248,0.365,0.31,0.288,0.292,0.117,68.2,4.5,8.9,7.5,39.1,33.2,7.2,5,8.2,-4.6,51.3,32.8,86.9,13.5,34.5,4.4,25.7,96.173872,92.087411545,16.1,46.5,"Rojas, Miguel",Dodgers,batter,Dodgers,"Dodger Stadium, Los Angeles",66.0,4.5,SE,78,0.0,Overcast,Roof open,9:10 PM,0.31,0.3286,0.31930000000000003
"Rojas, Miguel",500743,2025,36,130,139,33,22,6,0,5,18,8,12.9,5.8,0.254,0.415,0.297,0.712,0.248,0.365,0.31,0.288,0.292,0.117,68.2,4.5,8.9,7.5,39.1,33.2,7.2,5,8.2,-4.6,51.3,32.8,86.9,13.5,34.5,4.4,25.7,96.173872,92.087411545,16.1,46.5,"Rojas, Miguel",Dodgers,pitcher,Dodgers,"Dodger Stadium, Los Angeles",66.0,4.5,SE,78,0.0,Overcast,Roof open,9:10 PM,0.31,0.3286,0.31930000000000003
"Rojas, Miguel",500743,2025,36,130,139,33,22,6,0,5,18,8,12.9,5.8,0.254,0.415,0.297,0.712,0.248,0.365,0.31,0.288,0.292,0.117,68.2,4.5,8.9,7.5,39.1,33.2,7.2,5,8.2,-4.6,51.3,32.8,86.9,13.5,34.5,4.4,25.7,96.173872,92.087411545,16.1,46.5,"Rojas, Miguel",Dodgers,pitcher,Dodgers,"Dodger Stadium, Los Angeles",66.0,4.5,SE,78,0.0,Overcast,Roof open,9:10 PM,0.31,0.3286,0.31930000000000003
"Turner, Trea",607208,2025,32,388,423,112,80,19,2,11,70,29,16.5,6.9,0.289,0.433,0.343,0.776,0.28,0.426,0.338,0.33,0.335,0.147,70.8,15.6,14.6,11.1,35.1,26.8,7.5,14,8.1,-2.9,60.7,27.9,89.3,10.7,35.6,6.9,40.9,99.944439125,94.185367868,25.0,50.3,"Turner, Trea",Phillies,batter,Phillies,"Citizens Bank Park, Philadelphia",68.2,6.5,NNE,61,0.0,Sunny,Roof open,6:05 PM,0.338,0.34814,0.34307
"Busch, Michael",683737,2025,27,300,341,87,50,15,3,19,77,35,22.6,10.3,0.29,0.55,0.375,0.925,0.283,0.587,0.397,0.405,0.37,0.304,69.7,8.3,15.0,11.4,37.3,28.3,7.1,12,17.0,-0.8,49.4,36.7,91.7,16.8,41.3,16.1,47.5,101.442645586,95.319969729,24.4,46.4,"Busch, Michael",Cubs,batter,Cubs,"Wrigley Field, Chicago",69.1,5.4,SE,84,0.0,Partly cloudy,Roof open,7:15 PM,0.397,0.38509,0.391045
"Kim, Hyeseong",808975,2025,26,112,119,38,29,6,1,2,30,6,25.2,5.0,0.339,0.464,0.378,0.842,0.262,0.367,0.368,0.296,0.306,0.105,68.1,3.0,7.5,5.5,39.0,28.5,7.2,2,11.3,-1.4,40.3,41.7,86.9,5.4,40.2,2.4,29.3,96.285992683,92.20875378,29.1,48.6,"Kim, Hyeseong",Dodgers,batter,Dodgers,"Dodger Stadium, Los Angeles",66.0,4.5,SE,78,0.0,Overcast,Roof open,9:10 PM,0.368,0.39008,0.37904
"Soto, Juan",665742,2025,26,340,423,89,51,15,0,23,78,77,18.4,18.2,0.262,0.509,0.396,0.905,0.315,0.649,0.386,0.455,0.442,0.334,73.4,38.8,27.6,22.8,39.6,32.7,7.0,24,10.9,4.7,66.7,28.1,94.4,10.1,35.6,18.0,56.6,105.251131894,97.734753068,21.7,34.4,"Soto, Juan",Mets,batter,Mets,"Citi Field, Queens",68.5,9.8,NE,59,0.0,Partly cloudy,Roof open,4:10 PM,0.386,0.37056,0.37828
"Lopez, Otto",672640,2025,26,296,328,74,54,9,0,11,45,29,13.7,8.8,0.25,0.392,0.32,0.712,0.291,0.481,0.313,0.361,0.359,0.19,71.8,23.3,15.1,12.5,35.7,29.5,6.8,11,7.9,-2.4,49.5,30.4,88.1,9.0,32.9,7.9,36.1,99.27650664,93.69237504,18.9,45.6,"Lopez, Otto",Marlins,batter,Marlins,"loanDepot park, Miami",81.0,4.3,S,82,0.0,Partly cloudy,Roof closed,4:10 PM,0.313,0.29735,0.305175
"Ramirez, Agustin",682663,2025,23,281,301,68,33,20,1,14,57,19,18.9,6.3,0.242,0.47,0.289,0.759,0.28,0.512,0.324,0.355,0.325,0.231,74.9,52.8,22.8,17.5,33.9,26.0,7.5,10,7.3,-2.6,51.3,25.3,92.2,7.8,31.6,12.0,48.4,104.574452743,96.690375378,24.3,51.0,"Ramirez, Agustin",Marlins,batter,Marlins,"loanDepot park, Miami",81.0,4.3,S,82,0.0,Partly cloudy,Roof closed,4:10 PM,0.324,0.3078,0.3159
"Jansen, Danny",643376,2025,30,203,233,42,25,8,0,9,60,25,25.8,10.7,0.207,0.379,0.302,0.681,0.211,0.365,0.303,0.301,0.307,0.155,69.0,4.9,11.0,8.9,33.0,26.6,6.8,20,14.8,-4.9,65.1,29.8,87.8,24.3,37.2,8.3,40.0,98.77280125,93.637420625,23.1,43.4,"Jansen, Danny",Rays,batter,Rays,"George M. Steinbrenner Field, St. Petersburg",84.0,2.5,WSW,85,0.0,Partly cloudy,Roof closed,7:05 PM,0.303,0.29997,0.301485
"Reynolds, Bryan",668804,2025,30,355,390,80,51,17,2,10,106,30,27.2,7.7,0.225,0.369,0.287,0.656,0.27,0.489,0.287,0.351,0.329,0.219,72.5,24.2,17.6,12.9,33.5,24.5,6.9,22,13.2,1.4,49.1,38.0,91.5,6.7,38.9,11.1,48.4,102.620120873,95.939589681,29.3,49.5,"Reynolds, Bryan",Pirates,batter,Pirates,"PNC Park, Pittsburgh",59.0,3.1,NE,83,0.0,Sunny,Roof open,6:40 PM,0.2812599999999999,0.2898699999999999,0.2855649999999999
"Seager, Corey",608369,2025,31,241,285,64,40,11,0,13,57,38,20.0,13.3,0.266,0.473,0.372,0.845,0.307,0.605,0.364,0.425,0.408,0.297,72.7,23.7,21.8,15.9,34.5,25.2,6.7,16,13.1,2.9,54.3,34.2,93.5,11.5,32.3,16.1,55.4,104.511492043,97.072323602,29.2,50.1,"Seager, Corey",Rangers,batter,Rangers,"Globe Life Field, Arlington",77.4,9.4,S,78,0.0,Partly Cloudy,Roof closed,7:05 PM,0.364,0.3421599999999999,0.35307999999999995
"Semien, Marcus",543760,2025,34,352,401,84,60,11,1,12,76,40,19.0,10.0,0.239,0.378,0.317,0.695,0.254,0.42,0.307,0.332,0.335,0.166,68.6,5.4,12.0,9.4,35.8,27.9,7.7,15,16.1,-4.6,55.2,34.5,88.5,19.8,36.9,7.8,37.2,98.619784397,93.418041281,23.3,49.0,"Semien, Marcus",Rangers,batter,Rangers,"Globe Life Field, Arlington",77.4,9.4,S,78,0.0,Partly Cloudy,Roof closed,7:05 PM,0.307,0.28858,0.29779
"Ozuna, Marcell",542303,2025,34,318,389,76,52,11,0,13,87,64,22.4,16.5,0.239,0.396,0.366,0.762,0.265,0.483,0.339,0.377,0.388,0.218,73.5,38.3,16.3,12.3,34.6,26.2,7.2,2,13.8,-1.1,55.7,36.7,91.3,14.5,34.9,11.1,49.4,102.214267521,95.732673547,24.7,39.6,"Ozuna, Marcell",Braves,batter,Braves,"Truist Park, Atlanta",75.9,5.1,NW,84,0.0,Partly Cloudy,Roof open,7:15 PM,0.339,0.33222,0.33561
"Lile, Daylen",695734,2025,22,111,121,26,18,5,1,2,17,7,14.0,5.8,0.234,0.351,0.283,0.634,0.306,0.449,0.279,0.35,0.352,0.143,69.1,2.2,11.1,9.7,36.4,31.9,7.1,2,9.7,-2.7,51.4,37.6,89.2,14.3,41.1,4.2,38.9,99.154717708,93.668180632,13.1,48.5,"Lile, Daylen",Nationals,batter,Nationals,"Nationals Park, Washington",70.0,4.5,NNE,76,0.0,Cloudy,Roof open,6:45 PM,0.279,0.27342,0.27621
"Wood, James",695578,2025,22,356,420,99,56,19,0,24,116,59,27.6,14.0,0.278,0.534,0.381,0.915,0.279,0.564,0.387,0.396,0.384,0.285,76.1,64.4,24.0,17.4,33.7,24.4,7.6,24,10.2,1.0,39.8,40.3,93.6,6.1,34.2,18.5,55.6,106.57627925,98.17059775,30.2,39.3,"Wood, James",Nationals,batter,Nationals,"Nationals Park, Washington",70.0,4.5,NNE,76,0.0,Cloudy,Roof open,6:45 PM,0.387,0.37926,0.38312999999999997
"Caminero, Junior",691406,2025,21,357,384,90,48,19,0,23,78,21,20.3,5.5,0.252,0.499,0.292,0.791,0.258,0.47,0.335,0.333,0.302,0.212,78.0,76.3,19.7,15.6,27.7,22.0,8.3,13,7.3,-4.8,56.5,26.3,91.0,9.9,28.9,10.9,47.2,103.140918662,95.924730915,22.6,50.9,"Caminero, Junior",Rays,batter,Rays,"George M. Steinbrenner Field, St. Petersburg",84.0,2.5,WSW,85,0.0,Partly cloudy,Roof closed,7:05 PM,0.335,0.33165,0.333325
"Doyle, Brenton",686668,2025,27,307,331,62,41,12,2,7,86,22,26.0,6.6,0.202,0.322,0.254,0.576,0.242,0.417,0.254,0.306,0.292,0.175,70.7,4.9,15.3,11.4,35.9,26.8,7.3,16,12.0,0.0,67.4,30.5,90.2,11.3,34.5,12.1,45.7,101.254898559,95.063387421,27.9,49.6,"Doyle, Brenton",Rockies,batter,Rockies,"Coors Field, Denver",68.7,3.4,SW,55,0.0,Partly cloudy,Roof open,8:10 PM,0.254,0.29972,0.27686
"Betts, Mookie",605141,2025,32,349,391,85,60,13,1,11,42,36,10.7,9.2,0.244,0.381,0.315,0.696,0.261,0.419,0.305,0.326,0.331,0.158,68.8,6.2,13.3,11.6,46.0,40.0,7.0,21,9.9,-6.2,58.1,34.4,88.5,18.7,35.4,5.8,35.4,97.809299872,93.12551119,16.7,42.6,"Betts, Mookie",Dodgers,batter,Dodgers,"Dodger Stadium, Los Angeles",66.0,4.5,SE,78,0.0,Overcast,Roof open,9:10 PM,0.305,0.3233,0.31415
"Lowe, Josh",666139,2025,27,189,211,47,30,11,0,6,43,19,20.4,9.0,0.249,0.402,0.319,0.721,0.29,0.435,0.315,0.349,0.36,0.145,72.1,27.8,10.3,8.0,28.6,22.3,7.3,8,5.9,-0.4,45.0,35.2,89.9,8.9,33.8,6.1,44.5,100.128725833,94.680192587,22.4,52.2,"Lowe, Josh",Rays,batter,Rays,"George M. Steinbrenner Field, St. Petersburg",84.0,2.5,WSW,85,0.0,Partly cloudy,Roof closed,7:05 PM,0.315,0.31185,0.313425
"Bichette, Bo",666182,2025,27,393,420,111,73,25,1,12,68,23,16.2,5.5,0.282,0.443,0.324,0.767,0.317,0.522,0.331,0.377,0.358,0.205,69.1,9.4,15.7,12.8,35.1,28.7,7.3,13,5.8,0.0,36.9,37.6,91.1,9.0,37.9,9.8,49.2,102.34381135,95.754994724,19.1,52.8,"Bichette, Bo",Blue Jays,batter,Blue Jays,"Rogers Centre, Toronto",61.0,5.1,NNE,72,0.0,Sunny,Roof closed,3:07 PM,0.331,0.34755,0.339275
"Pauley, Graham",688363,2025,24,85,94,17,11,6,0,0,21,7,22.3,7.4,0.2,0.271,0.258,0.529,0.219,0.329,0.238,0.279,0.282,0.11,70.5,8.3,12.0,9.0,36.1,26.9,7.2,5,9.3,-1.3,57.2,29.1,87.2,15.6,33.3,6.1,40.9,98.643244848,93.407991538,26.2,48.6,"Pauley, Graham",Marlins,batter,Marlins,"loanDepot park, Miami",81.0,4.3,S,82,0.0,Partly cloudy,Roof closed,4:10 PM,0.238,0.2260999999999999,0.23204999999999995
"Conforto, Michael",624424,2025,32,261,305,48,28,12,0,8,72,35,23.6,11.5,0.184,0.322,0.298,0.62,0.243,0.421,0.283,0.341,0.349,0.179,73.4,37.9,14.5,11.1,29.8,22.7,7.3,6,10.7,0.3,48.6,32.3,89.9,14.0,33.7,9.5,43.2,100.445923368,94.679294868,25.4,44.3,"Conforto, Michael",Dodgers,batter,Dodgers,"Dodger Stadium, Los Angeles",66.0,4.5,SE,78,0.0,Overcast,Roof open,9:10 PM,0.283,0.2999799999999999,0.2914899999999999
"Murphy, Sean",669221,2025,30,199,225,46,22,8,0,16,72,18,32.0,8.0,0.231,0.513,0.311,0.824,0.223,0.481,0.351,0.341,0.31,0.258,72.5,30.0,15.6,11.5,26.5,19.5,7.8,20,11.4,-3.4,49.3,30.3,90.2,12.2,36.4,16.3,45.7,103.233409375,95.863428516,28.8,50.2,"Murphy, Sean",Braves,batter,Braves,"Truist Park, Atlanta",75.9,5.1,NW,84,0.0,Partly Cloudy,Roof open,7:15 PM,0.351,0.3439799999999999,0.34748999999999997
"Smith, Josh",669701,2025,27,303,341,84,59,16,1,8,57,32,16.7,9.4,0.277,0.416,0.353,0.769,0.271,0.408,0.337,0.331,0.348,0.137,69.2,4.0,10.5,8.6,33.5,27.4,6.8,9,8.3,-2.3,44.4,36.1,87.8,14.2,35.1,5.2,33.5,97.831646721,92.946292746,18.8,48.1,"Smith, Josh",Rangers,batter,Rangers,"Globe Life Field, Arlington",77.4,9.4,S,78,0.0,Partly Cloudy,Roof closed,7:05 PM,0.337,0.31678,0.32689
"Edwards, Xavier",669364,2025,25,320,357,92,76,14,1,1,52,32,14.6,9.0,0.287,0.347,0.352,0.699,0.259,0.325,0.313,0.293,0.328,0.067,66.6,1.8,5.2,4.7,36.8,32.9,6.4,3,2.4,2.2,33.1,31.2,86.8,9.5,34.2,0.7,30.5,96.462301628,92.30055965,10.5,47.6,"Edwards, Xavier",Marlins,batter,Marlins,"loanDepot park, Miami",81.0,4.3,S,82,0.0,Partly cloudy,Roof closed,4:10 PM,0.313,0.29735,0.305175
"Myers, Dane",667472,2025,29,202,218,57,45,8,0,4,47,13,21.6,6.0,0.282,0.381,0.33,0.711,0.273,0.411,0.315,0.32,0.322,0.139,70.8,16.9,14.7,11.0,42.0,31.3,7.2,6,10.4,3.9,62.1,27.3,91.2,11.6,35.9,6.4,40.4,99.686985769,94.283701871,24.2,47.4,"Myers, Dane",Marlins,batter,Marlins,"loanDepot park, Miami",81.0,4.3,S,82,0.0,Partly cloudy,Roof closed,4:10 PM,0.315,0.2992499999999999,0.307125
"Bohm, Alec",664761,2025,28,349,379,98,76,12,2,8,62,22,16.4,5.8,0.281,0.395,0.327,0.722,0.274,0.414,0.317,0.325,0.326,0.14,71.6,16.8,16.8,14.3,38.0,32.5,7.3,6,5.3,4.8,47.1,29.8,90.3,6.3,34.7,6.5,46.7,100.524246552,94.763164637,15.3,48.0,"Bohm, Alec",Phillies,batter,Phillies,"Citizens Bank Park, Philadelphia",68.2,6.5,NNE,61,0.0,Sunny,Roof open,6:05 PM,0.317,0.32651,0.321755
"Swanson, Dansby",621020,2025,31,368,400,93,62,13,2,16,105,27,26.3,6.8,0.253,0.429,0.301,0.73,0.272,0.481,0.315,0.346,0.322,0.209,70.8,5.8,17.4,12.7,37.0,27.1,7.4,17,15.2,-1.0,61.1,34.4,90.5,13.4,35.1,11.2,47.8,100.978518271,94.940043835,29.9,49.0,"Swanson, Dansby",Cubs,batter,Cubs,"Wrigley Field, Chicago",69.1,5.4,SE,84,0.0,Partly cloudy,Roof open,7:15 PM,0.315,0.30555,0.31027499999999997
"Senger, Hayden",663584,2025,28,46,49,8,7,1,0,0,14,2,28.6,4.1,0.174,0.196,0.208,0.404,0.228,0.346,0.184,0.265,0.26,0.119,72.7,23.7,20.4,13.2,38.8,25.0,7.5,1,6.3,1.4,48.7,28.3,87.4,6.6,33.3,3.0,36.4,98.565683125,93.489735484,35.6,53.9,"Senger, Hayden",Mets,batter,Mets,"Citi Field, Queens",68.5,9.8,NE,59,0.0,Partly cloudy,Roof open,4:10 PM,0.184,0.17664,0.18031999999999998
"Heim, Jonah",641680,2025,30,260,280,57,40,9,0,8,64,15,22.9,5.4,0.219,0.346,0.262,0.608,0.222,0.351,0.266,0.271,0.266,0.13,68.9,4.5,11.3,8.7,37.4,29.0,7.5,13,11.1,0.6,62.8,28.8,89.1,14.4,34.0,6.5,36.0,98.376532323,93.485851616,25.0,51.4,"Heim, Jonah",Rangers,batter,Rangers,"Globe Life Field, Arlington",77.4,9.4,S,78,0.0,Partly Cloudy,Roof closed,7:05 PM,0.266,0.25004,0.25802
"Happ, Ian",664023,2025,30,347,402,79,52,15,0,12,90,51,22.4,12.7,0.228,0.375,0.326,0.701,0.257,0.427,0.312,0.344,0.353,0.17,72.0,18.8,14.4,11.0,30.9,23.5,7.0,6,10.5,-6.9,48.8,32.3,89.2,16.4,34.6,8.8,40.8,100.346867462,94.322186873,24.3,43.7,"Happ, Ian",Cubs,batter,Cubs,"Wrigley Field, Chicago",69.1,5.4,SE,84,0.0,Partly cloudy,Roof open,7:15 PM,0.312,0.3026399999999999,0.3073199999999999
"Pages, Andy",681624,2025,24,351,378,100,67,15,1,17,78,18,20.6,4.8,0.285,0.479,0.325,0.804,0.276,0.457,0.346,0.335,0.32,0.181,72.8,22.7,13.4,10.8,29.5,23.7,7.9,24,8.0,-3.8,49.1,41.0,89.0,16.0,38.3,7.9,39.0,99.743900507,93.95261163,22.4,55.5,"Pages, Andy",Dodgers,batter,Dodgers,"Dodger Stadium, Los Angeles",66.0,4.5,SE,78,0.0,Overcast,Roof open,9:10 PM,0.346,0.36676,0.35638
"Freeman, Tyler",671289,2025,26,161,188,52,39,11,1,1,17,18,9.0,9.6,0.323,0.422,0.404,0.826,0.309,0.408,0.366,0.362,0.397,0.099,72.3,23.2,14.0,12.8,33.6,30.6,7.0,5,2.5,0.9,31.6,35.8,90.3,8.4,35.4,2.7,42.9,100.245367945,94.546288,10.3,46.3,"Freeman, Tyler",Rockies,batter,Rockies,"Coors Field, Denver",68.7,3.4,SW,55,0.0,Partly cloudy,Roof open,8:10 PM,0.366,0.43188,0.39893999999999996
"Profar, Jurickson",595777,2025,32,63,64,17,10,4,0,3,13,1,20.3,1.6,0.27,0.476,0.281,0.757,0.199,0.341,0.324,0.237,0.212,0.142,70.2,14.0,10.8,8.8,25.2,20.6,7.4,1,11.0,-7.2,54.4,30.4,87.4,14.9,22.0,4.0,34.0,97.622284,92.910498776,17.4,52.2,"Profar, Jurickson",Braves,batter,Braves,"Truist Park, Atlanta",75.9,5.1,NW,84,0.0,Partly Cloudy,Roof open,7:15 PM,0.324,0.31752,0.32076000000000005
"Hicks, Liam",689414,2025,26,168,198,46,32,9,1,4,31,23,15.7,11.6,0.274,0.411,0.367,0.778,0.261,0.377,0.345,0.33,0.359,0.116,67.4,1.6,9.6,8.1,44.5,37.8,6.8,8,8.8,-0.6,46.7,33.4,85.5,12.5,36.9,4.3,27.7,96.271871014,92.169568978,17.0,37.4,"Hicks, Liam",Marlins,batter,Marlins,"loanDepot park, Miami",81.0,4.3,S,82,0.0,Partly cloudy,Roof closed,4:10 PM,0.345,0.32775,0.336375
"Lowe, Nathaniel",663993,2025,29,365,402,83,53,14,2,14,110,34,27.4,8.5,0.227,0.392,0.294,0.686,0.236,0.385,0.3,0.305,0.305,0.149,72.6,24.9,13.8,10.9,27.8,21.8,7.3,21,6.3,8.1,46.0,29.9,89.5,9.8,35.0,7.0,40.9,100.506108189,94.571868622,24.2,45.1,"Lowe, Nathaniel",Nationals,batter,Nationals,"Nationals Park, Washington",70.0,4.5,NNE,76,0.0,Cloudy,Roof open,6:45 PM,0.3,0.294,0.297
"Torrens, Luis",620443,2025,29,175,192,36,23,10,1,2,46,16,24.0,8.3,0.206,0.309,0.276,0.585,0.282,0.492,0.263,0.362,0.346,0.21,70.6,7.3,18.0,14.1,35.9,28.1,7.2,7,9.7,6.5,55.7,29.4,92.1,6.1,41.1,14.0,54.3,101.557215692,95.73478938,23.7,46.9,"Torrens, Luis",Mets,batter,Mets,"Citi Field, Queens",68.5,9.8,NE,59,0.0,Partly cloudy,Roof open,4:10 PM,0.263,0.25248,0.25773999999999997
"Castellanos, Nick",592206,2025,33,363,390,99,64,22,1,12,80,20,20.5,5.1,0.273,0.438,0.313,0.751,0.268,0.464,0.325,0.333,0.312,0.196,70.4,17.0,13.1,9.5,33.9,24.7,7.7,13,15.0,-4.0,48.9,39.5,88.5,15.0,41.1,9.4,36.9,99.235955245,93.769469298,28.1,57.9,"Castellanos, Nick",Phillies,batter,Phillies,"Citizens Bank Park, Philadelphia",68.2,6.5,NNE,61,0.0,Sunny,Roof open,6:05 PM,0.325,0.33475,0.32987500000000003
"Marsh, Brandon",669016,2025,27,197,225,51,37,10,1,3,55,23,24.4,10.2,0.259,0.365,0.332,0.697,0.269,0.436,0.31,0.338,0.342,0.167,71.5,15.8,15.2,12.0,33.4,26.5,7.1,5,9.3,0.0,42.2,38.5,91.2,12.1,34.7,8.2,47.6,100.524916944,94.879242292,20.8,47.3,"Marsh, Brandon",Phillies,batter,Phillies,"Citizens Bank Park, Philadelphia",68.2,6.5,NNE,61,0.0,Sunny,Roof open,6:05 PM,0.31,0.3193,0.31465
"Marte, Ketel",606466,2025,31,252,297,73,41,13,0,19,45,40,15.2,13.5,0.29,0.567,0.394,0.961,0.305,0.602,0.408,0.424,0.407,0.297,74.6,45.9,20.5,16.0,35.9,28.1,7.8,10,11.0,-8.0,63.1,32.5,91.0,14.5,32.7,15.9,46.2,102.588130385,95.795843188,22.7,43.6,"Marte, Ketel",Diamondbacks,batter,Diamondbacks,"Chase Field, Phoenix",86.2,2.2,NNE,48,0.0,Partly cloudy,Roof closed,7:15 PM,0.41616,0.43656,0.42635999999999996
"Kelly, Carson",608348,2025,30,199,234,55,31,11,1,12,37,32,15.8,13.7,0.276,0.523,0.376,0.899,0.267,0.496,0.386,0.372,0.368,0.229,70.6,7.4,16.3,12.8,37.7,29.8,7.0,3,12.3,-3.7,52.7,33.1,90.2,16.1,34.8,11.0,45.1,100.461697439,94.810653963,20.6,43.4,"Kelly, Carson",Cubs,batter,Cubs,"Wrigley Field, Chicago",69.1,5.4,SE,84,0.0,Partly cloudy,Roof open,7:15 PM,0.386,0.37442,0.38021
"Naylor, Bo",666310,2025,25,211,244,36,17,9,1,9,66,30,27.0,12.3,0.171,0.351,0.272,0.623,0.193,0.372,0.277,0.292,0.291,0.179,72.5,22.6,10.7,8.3,25.4,19.9,7.7,10,14.3,-9.0,53.3,31.7,89.3,22.1,35.1,10.8,35.8,99.384252778,93.961953889,24.1,48.4,"Naylor, Bo",Guardians,batter,Guardians,"Progressive Field, Cleveland",63.0,3.4,ESE,75,0.0,Sunny,Roof open,7:10 PM,0.277,0.26315,0.270075
"Moniak, Mickey",666160,2025,27,230,248,59,31,9,6,13,60,15,24.2,6.0,0.257,0.517,0.306,0.823,0.255,0.47,0.349,0.331,0.306,0.215,73.8,37.5,17.2,12.9,35.1,26.3,7.7,13,11.8,-3.7,46.8,33.3,89.6,16.1,36.3,12.3,46.2,101.246071647,95.035006412,28.2,54.1,"Moniak, Mickey",Rockies,batter,Rockies,"Coors Field, Denver",68.7,3.4,SW,55,0.0,Partly cloudy,Roof open,8:10 PM,0.349,0.4118199999999999,0.3804099999999999
"Outman, James",681546,2025,28,33,37,4,1,1,0,2,16,4,43.2,10.8,0.121,0.333,0.216,0.549,0.153,0.43,0.244,0.29,0.245,0.277,73.5,33.3,14.7,8.3,17.6,10.0,7.9,3,18.3,-6.0,43.3,38.0,85.0,23.5,23.5,17.6,29.4,98.087951111,93.654604118,46.3,44.7,"Outman, James",Dodgers,batter,Dodgers,"Dodger Stadium, Los Angeles",66.0,4.5,SE,78,0.0,Overcast,Roof open,9:10 PM,0.244,0.25864,0.25132
"Diaz, Yandy",650490,2025,33,368,404,105,72,18,1,14,55,29,13.6,7.2,0.285,0.454,0.339,0.793,0.302,0.496,0.342,0.368,0.359,0.195,73.8,37.0,25.6,21.4,38.3,31.9,7.7,5,3.6,5.4,38.5,24.2,93.2,5.6,30.0,10.1,53.5,105.271633248,97.417680987,17.3,45.7,"Diaz, Yandy",Rays,batter,Rays,"George M. Steinbrenner Field, St. Petersburg",84.0,2.5,WSW,85,0.0,Partly cloudy,Roof closed,7:05 PM,0.342,0.33858,0.34029
"Tucker, Kyle",663656,2025,28,357,423,100,60,19,4,17,60,60,14.2,14.2,0.28,0.499,0.384,0.883,0.289,0.531,0.377,0.39,0.392,0.242,72.1,24.4,16.1,13.3,37.3,30.8,7.6,13,11.7,-8.2,49.0,33.8,90.7,18.8,38.7,12.7,42.7,100.209380867,94.4578633,20.6,45.6,"Tucker, Kyle",Cubs,batter,Cubs,"Wrigley Field, Chicago",69.1,5.4,SE,84,0.0,Partly cloudy,Roof open,7:15 PM,0.377,0.36569,0.37134500000000004
"Mangum, Jake",663968,2025,29,216,230,67,54,10,1,2,28,12,12.2,5.2,0.31,0.394,0.349,0.743,0.275,0.384,0.328,0.308,0.317,0.109,67.3,4.1,11.4,9.4,32.7,26.8,6.6,5,2.7,11.1,31.9,29.4,87.3,-0.6,28.0,3.2,36.9,98.205909457,93.200248634,18.8,61.8,"Mangum, Jake",Rays,batter,Rays,"George M. Steinbrenner Field, St. Petersburg",84.0,2.5,WSW,85,0.0,Partly cloudy,Roof closed,7:05 PM,0.328,0.32472,0.32636
"Barger, Addison",680718,2025,25,245,266,64,30,21,0,13,66,19,24.8,7.1,0.261,0.506,0.317,0.823,0.285,0.537,0.349,0.37,0.339,0.251,75.8,61.8,23.1,17.2,33.5,24.9,7.7,3,10.1,-7.7,53.9,28.4,93.4,12.1,36.3,14.5,54.2,104.758769111,97.238999553,25.5,49.0,"Barger, Addison",Blue Jays,batter,Blue Jays,"Rogers Centre, Toronto",61.0,5.1,NNE,72,0.0,Sunny,Roof closed,3:07 PM,0.349,0.36645,0.35772499999999996
"Kirk, Alejandro",672386,2025,26,287,319,87,71,9,0,7,30,27,9.4,8.5,0.303,0.408,0.361,0.769,0.308,0.494,0.336,0.371,0.368,0.185,72.4,26.3,23.9,20.3,41.6,35.3,7.2,7,7.6,3.0,56.7,24.0,92.5,12.0,34.9,9.2,55.2,102.883287462,96.357995346,16.1,46.3,"Kirk, Alejandro",Blue Jays,batter,Blue Jays,"Rogers Centre, Toronto",61.0,5.1,NNE,72,0.0,Sunny,Roof closed,3:07 PM,0.336,0.3528,0.34440000000000004
"Martinez, Angel",682657,2025,23,267,284,63,39,15,1,8,61,9,21.5,3.2,0.236,0.39,0.26,0.65,0.225,0.33,0.279,0.254,0.252,0.106,70.0,7.8,8.6,6.8,34.3,27.1,7.4,4,12.1,-6.0,55.8,33.6,87.3,17.7,33.3,3.8,27.7,96.746917115,92.445396618,21.8,56.2,"Martinez, Angel",Guardians,batter,Guardians,"Progressive Field, Cleveland",63.0,3.4,ESE,75,0.0,Sunny,Roof open,7:10 PM,0.279,0.26505,0.272025
"Jung, Josh",673962,2025,27,279,297,66,47,10,1,8,73,16,24.6,5.4,0.237,0.366,0.283,0.649,0.254,0.425,0.285,0.314,0.3,0.171,70.4,5.3,14.3,10.9,31.0,23.6,7.0,15,11.7,2.7,54.7,37.7,87.6,12.0,41.3,8.3,42.2,100.318563627,94.350322892,26.7,51.9,"Jung, Josh",Rangers,batter,Rangers,"Globe Life Field, Arlington",77.4,9.4,S,78,0.0,Partly Cloudy,Roof closed,7:05 PM,0.285,0.2678999999999999,0.27645
"Horwitz, Spencer",687462,2025,27,164,181,38,26,10,0,2,41,15,22.7,8.3,0.232,0.329,0.298,0.627,0.239,0.386,0.279,0.303,0.307,0.147,68.2,5.3,9.6,7.5,32.7,25.8,6.8,8,8.6,0.6,41.2,36.2,88.0,16.2,40.3,9.7,41.9,99.040066452,93.670113984,22.5,46.9,"Horwitz, Spencer",Pirates,batter,Pirates,"PNC Park, Pittsburgh",59.0,3.1,NE,83,0.0,Sunny,Roof open,6:40 PM,0.27342,0.28179,0.277605
"Baty, Brett",683146,2025,25,221,242,50,31,8,2,9,60,17,24.8,7.0,0.226,0.403,0.282,0.685,0.251,0.444,0.298,0.327,0.308,0.193,75.3,52.7,18.2,13.3,31.3,22.8,7.4,5,8.3,3.6,48.9,35.4,90.9,8.1,32.5,12.9,47.9,102.450636914,95.682436149,27.4,48.1,"Baty, Brett",Mets,batter,Mets,"Citi Field, Queens",68.5,9.8,NE,59,0.0,Partly cloudy,Roof open,4:10 PM,0.298,0.28608,0.29203999999999997
"Lindor, Francisco",596019,2025,31,381,430,99,62,18,0,19,76,33,17.7,7.7,0.26,0.457,0.33,0.787,0.265,0.464,0.339,0.346,0.338,0.198,70.7,14.8,12.8,10.2,31.7,25.2,7.5,7,11.1,-1.5,51.1,34.1,90.2,14.6,31.8,8.7,44.1,100.56823013,94.744770651,20.9,48.7,"Lindor, Francisco",Mets,batter,Mets,"Citi Field, Queens",68.5,9.8,NE,59,0.0,Partly cloudy,Roof open,4:10 PM,0.339,0.32544,0.33222
"Arcia, Orlando",606115,2025,30,116,122,22,17,2,1,2,24,6,19.7,4.9,0.19,0.276,0.23,0.506,0.206,0.292,0.225,0.238,0.245,0.087,70.1,11.6,9.4,7.5,27.0,21.6,7.7,9,6.9,0.8,60.8,26.2,85.4,6.3,23.9,2.2,29.3,97.215686667,92.610337222,23.2,53.2,"Arcia, Orlando",Braves,batter,Braves,"Truist Park, Atlanta",75.9,5.1,NW,84,0.0,Partly Cloudy,Roof open,7:15 PM,0.225,0.2205,0.22275
"Arcia, Orlando",606115,2025,30,116,122,22,17,2,1,2,24,6,19.7,4.9,0.19,0.276,0.23,0.506,0.206,0.292,0.225,0.238,0.245,0.087,70.1,11.6,9.4,7.5,27.0,21.6,7.7,9,6.9,0.8,60.8,26.2,85.4,6.3,23.9,2.2,29.3,97.215686667,92.610337222,23.2,53.2,"Arcia, Orlando",Rockies,batter,Rockies,"Coors Field, Denver",68.7,3.4,SW,55,0.0,Partly cloudy,Roof open,8:10 PM,0.225,0.2655,0.24525000000000002
"Fulford, Braxton",690924,2025,26,40,42,10,6,2,1,1,18,1,42.9,2.4,0.25,0.425,0.262,0.687,0.185,0.34,0.29,0.229,0.202,0.155,71.6,21.5,16.4,11.4,25.5,17.7,6.7,6,12.1,-8.0,46.8,29.6,88.5,16.0,43.5,4.3,52.2,102.590618333,95.897144348,34.4,51.7,"Fulford, Braxton",Rockies,batter,Rockies,"Coors Field, Denver",68.7,3.4,SW,55,0.0,Partly cloudy,Roof open,8:10 PM,0.29,0.3421999999999999,0.31609999999999994
"Simpson, Chandler",802415,2025,24,185,200,57,50,6,1,0,18,10,9.0,5.0,0.308,0.351,0.34,0.691,0.3,0.345,0.306,0.305,0.338,0.045,64.5,0.0,2.6,2.3,45.0,40.3,6.3,2,4.1,4.6,42.2,28.6,83.6,0.1,30.6,0.0,16.6,92.892734815,90.644211925,12.1,47.6,"Simpson, Chandler",Rays,batter,Rays,"George M. Steinbrenner Field, St. Petersburg",84.0,2.5,WSW,85,0.0,Partly cloudy,Roof closed,7:05 PM,0.306,0.30294,0.30447
"Estrada, Thairo",642731,2025,29,116,125,33,24,7,0,2,16,4,12.8,3.2,0.284,0.397,0.312,0.709,0.243,0.321,0.307,0.265,0.277,0.078,71.9,20.7,9.3,7.7,32.0,26.4,7.2,5,10.3,-3.3,54.8,30.5,87.1,6.2,27.2,1.9,30.1,97.154220196,92.660642647,20.8,54.4,"Estrada, Thairo",Rockies,batter,Rockies,"Coors Field, Denver",68.7,3.4,SW,55,0.0,Partly cloudy,Roof open,8:10 PM,0.307,0.3622599999999999,0.33463
"Straw, Myles",664702,2025,30,171,189,42,32,9,0,1,27,10,14.3,5.3,0.246,0.316,0.29,0.606,0.254,0.379,0.27,0.296,0.298,0.125,66.7,1.1,8.8,7.5,40.3,34.4,6.8,5,6.2,3.5,43.0,36.0,87.4,14.5,33.8,5.3,27.2,96.063713521,92.090204014,15.1,47.4,"Straw, Myles",Blue Jays,batter,Blue Jays,"Rogers Centre, Toronto",61.0,5.1,NNE,72,0.0,Sunny,Roof closed,3:07 PM,0.27,0.2835,0.27675
"Santana, Carlos",467793,2025,39,311,360,72,54,7,0,11,67,43,18.6,11.9,0.232,0.36,0.328,0.688,0.227,0.369,0.308,0.308,0.325,0.142,71.5,17.8,14.7,11.5,29.7,23.1,7.6,7,12.7,-5.4,66.1,26.5,88.4,16.2,31.2,6.1,41.3,100.332563952,94.259710162,23.1,43.9,"Santana, Carlos",Guardians,batter,Guardians,"Progressive Field, Cleveland",63.0,3.4,ESE,75,0.0,Sunny,Roof open,7:10 PM,0.308,0.2925999999999999,0.30029999999999996
